unit,english,pos,proposed_oromo,alternates,ipa,has_audio,confidence,gloss_seen,reviewed,verdict_ok_or_fix,notes
unit-01-family,mother,noun,ayyoo,haadha,/ɐjːóː/,yes,high,see 'aayyoo',reviewed,,
unit-01-family,father,noun,abbaa,aabba | habbaayyoo | aabbaabba | abaabayyuu,/ɐbːɑ́ː/,yes,medium,father,,,
unit-01-family,child,noun,daa'im,dhala | saldheessa | mucaa | mucayyoo,/ˈdɑːʔɪm/,yes,medium,child,,,
unit-01-family,baby,noun,daa'ima,taaboree | amnuu | cittaa | arrittii,/ˈdɑːʔɪmɐ/,yes,medium,"baby, infant",,,
unit-01-family,brother,noun,obboleessa,koodee | goofaa | haadhoo | mandicha,/ɔbːɔleːsːɐ/,no,medium,brother,,,
unit-01-family,sister,noun,obboleettii,koodee | obboo | beembeetoo | bembeetoo,/ɔbːɔleːtːíː/,no,medium,sister,,,
unit-01-family,son,noun,ilma,balcha | sooree | abbaa gurbaa | ilma Kiristinnaa,,no,high,son,,,
unit-01-family,daughter,noun,intala,intalattii | jaartii-ilmaa | sootala | abbaa intalaa,,no,high,daughter,,,
unit-01-family,grandmother,noun,akkoo,,/ɐkːóː/,yes,high,see 'akkawoo',reviewed,,
unit-01-family,grandfather,noun,akaakayyuu,abaabiyyoo,/ɐkɑːkɐjːúː/,yes,high,grandfather,,,
unit-01-family,family,noun,maatii,abbaadhoo | haskaa | hortee | warra,,no,medium,family,,,
unit-01-family,boy,noun,gurbaa,,/ˈɡʊrbɑ́ː/,no,high,"you!, son!",reviewed,,
unit-01-family,girl,noun,dubara,intalattii | aseennaa | dumbushee | habalee,/ˈdʊbɐrɐ/,yes,high,girl,,,
unit-01-family,man,noun,dhiira,namittii | dhiirti | ja'uu | aseennaa,/ˈᶑiːrɐ/,yes,medium,man,,,
unit-01-family,woman,noun,dubarti,dubartii | gannee | hanfalaa | nadheen,/ˈdʊbɐrtɪ/,yes,medium,woman,,,
unit-01-family,friend,noun,daraboo,jaaltuu | michuu | saahiba | addooyyee,/ˈdɐrɐbóː/,yes,medium,friend,,,
unit-01-family,name,noun,maqaa,adulaala | adulee | amallaqaa | ameeraa,/mɐˈkʼɑ́ː/,no,high,name,,,
unit-01-family,home,noun,mana,,,no,high,house,reviewed,,
unit-01-family,husband,noun,dhirsa,abbaa warraa | abbaa manaa | goofaa | qaraa,/ˈᶑɪrsɐ/,yes,high,husband,,,
unit-01-family,wife,noun,jaartii,niitii | niitiifuudhuu | haadha manaa | obbolee,/ˈd͡ʒɑːrtíː/,no,medium,old (fem.),,,
unit-01-family,uncle,noun,eessuma,wasiila | abbuyyaa | aabboo xiqqaa | abbo guddoo,/eːsːʊmɐ/,yes,medium,uncle (maternal),,,
unit-01-family,aunt,noun,indoo,indoodoo | indootiyyaa | indootoo | adaadaa,/ɪndóː/,no,medium,"aunt, sister of one's mother",,,
unit-01-family,people,noun,nama,namoota | ummata | warra | boordoo,/ˈnɐ́mɐ/,no,medium,people,,,
unit-01-family,neighbor,noun,ollummaa,,/ɔlːʊmːɑ́ː/,no,low,neighbor hood,,,
unit-01-family,guest,noun,keessummaa,askutii,,no,high,guest,,,
unit-02-food-and-drink,water,noun,bishaan,bisaani | dhimphuu | bacaqqee | baccee,/bɪˈʃɑ́ːn/,yes,medium,water,,,
unit-02-food-and-drink,milk,noun,annan,aannan | elmuu | adii sa'aa | helemachuu,/ɐnːɐn/,yes,medium,milk,,,
unit-02-food-and-drink,coffee,noun,buna,qaawwa | jalasoqa | aboolii | baaloo,/ˈbʊnɐ/,yes,medium,coffee,,,
unit-02-food-and-drink,tea,noun,baalashaay,baaloo | makirajii | makrajii | masalee,/ˈbɑːlɐʃɑːj/,yes,low,tea leaf,,,
unit-02-food-and-drink,bread,noun,abshiloo,amashoommoo | bixxibixxii | bixxiluu | caabitaa,/ɐbʃɪlóː/,yes,low,tick bread used to make local beer,,,
unit-02-food-and-drink,meat,noun,foon,addamaree | baktii | bocola | busuqqee,/ˈfoːn/,yes,high,meat,,,
unit-02-food-and-drink,egg,noun,bupha,kallee,,no,high,egg,reviewed,,
unit-02-food-and-drink,salt,noun,ashaboo,soogidda | amoolee | bassoo | basseessuu,/ɐʃɐbóː/,no,medium,salt,,,
unit-02-food-and-drink,sugar,noun,shukkaaraa,sukkaara | abraasaa | hagadaa | hoomisha shukkaaraa,,no,medium,sugar,,,
unit-02-food-and-drink,butter,noun,dhadhaa,dhalee | addaannoo | addaanuu | addanoo,/ˈᶑɐᶑɑ́ː/,yes,medium,butter,,,
unit-02-food-and-drink,honey,noun,damma,arraabsisa | daamuu | fasasee | jiisaa,/ˈdɐmːɐ/,yes,high,honey,,,
unit-02-food-and-drink,food,noun,nyaata,,,no,high,food,reviewed,,
unit-02-food-and-drink,fruit,noun,fuduraa,ijoo | arraddoo | ashooka | baddeessa,/ˈfʊdʊrɑ́ː/,yes,high,fruit,,,
unit-02-food-and-drink,banana,noun,muuzii,hoofichoo | huuxoo | ofichoo | oofichoo,,no,high,banana,,,
unit-02-food-and-drink,orange,noun,birtukaanii,burtukaana | boora,/ˈbɪrtʊkɑːníː/,yes,medium,orange (fruit),,,
unit-02-food-and-drink,onion,noun,alaangallee,shunkurtaa | qullubbii diimaa,/ɐlɑːnɡɐlːéː/,yes,low,kind of onion,,,
unit-02-food-and-drink,potato,noun,dinnicha,ifaatee | mosee | shoonee | shonee,/ˈdɪnːɪt͡ʃɐ/,yes,medium,potato (Coleus edulis),,,
unit-02-food-and-drink,maize,noun,boqqolloo,ansaaroo | algee | jalaharaa | oromee,/ˈbɔkʼːɔlːóː/,yes,high,"corn, maize",,,
unit-02-food-and-drink,barley,noun,garbuu,bassoo | buttujjii | samareeta | toloola,,no,high,barley,,,
unit-02-food-and-drink,porridge,noun,marqa,,,no,high,porridge,reviewed,,
unit-02-food-and-drink,cup,noun,kokii,kubbaayyaa | sinii | xoofoo | abooree,/ˈkɔkíː/,no,medium,cup,,,
unit-02-food-and-drink,plate,noun,caabii,asaafaa | shaanii | arkee | quuraa,/ˈt͡ʃʼɑːbíː/,yes,medium,plate,,,
unit-02-food-and-drink,spoon,noun,fallaana,fal'aana | keenxoo,/ˈfɐlːɑːnɐ/,yes,medium,spoon,,,
unit-02-food-and-drink,eat,verb,nyaachuu,raamuu | nyaatamaa | anfiriiruu | cafaquu,,no,medium,to eat,,,
unit-02-food-and-drink,drink,verb,dhuguu,dhugaatii | dhugdoo | obaafachuu | obaasisuu,/ˈᶑʊɡúː/,yes,high,to drink,,,
unit-03-animals,dog,noun,buchillaa,foroca | forocuu | duchiifamuu,/ˈbʊt͡ʃɪlːɑ́ː/,yes,low,pup or puppy i.e. young dog,,,
unit-03-animals,cat,noun,adurree,bashoo | leessuu | agala | deeroo,/ɐdʊrːéː/,yes,medium,cat,,,
unit-03-animals,cow,noun,saawwa,sawwa | ameessa | dhaltii | elmaa,,no,medium,cow,,,
unit-03-animals,ox,noun,sangaa,qotiyyoo | haraashi | carii | dilbeetumma,/sɐnɡɑː/,no,medium,ox,,,
unit-03-animals,goat,noun,re'ee,goorana | kal'ee | hobobsa | karrooyyee,,no,medium,goat,,,
unit-03-animals,sheep,noun,bidoo,hoolee | hoolaa | busaayee | addamaree,/ˈbɪdóː/,yes,medium,sheep,,,
unit-03-animals,horse,noun,farda,lammacha | beennacha | cidhoo | bulloo,/ˈfɐ́rdɐ/,yes,high,horse,,,
unit-03-animals,donkey,noun,waaluu,harree | lammacha | bukurattii | bukurii,/ˈwɑːlúː/,no,medium,donkey (male),,,
unit-03-animals,camel,noun,gaala,gurboo | orgee,/ˈɡɑ́ːlɐ/,yes,high,camel,,,
unit-03-animals,chicken,noun,handaaqqoo,hindaaqqoo | indaanqoo | cuucii | handaaqqoo sookiyyoo,/ˈhɐndɑːkʼːóː/,no,medium,hen/chicken/cock,,,
unit-03-animals,bird,noun,allaattii,simbirroo | shimbiro | simbira | abarjulaa,/ɐlːɑːtːíː/,yes,medium,bird,,,
unit-03-animals,fish,noun,kalluuna,qurxummii | kiilobuu | waantoo | giilii,/ˈkɐlːuːnɐ/,no,medium,fish,,,
unit-03-animals,lion,noun,leenca,anfarroo | kublee | kulbee | saafela,/ˈleːnt͡ʃʼɐ/,no,high,lion,,,
unit-03-animals,elephant,noun,arba,humbaawoo | roodisa | huumbii | kunbii,/ɐrbɐ/,yes,high,elephant,,,
unit-03-animals,monkey,noun,anfarroo,buukumsa | jaldeessa-kootama | qurii | weennii,/ɐnfɐrːóː/,yes,low,mane of lion or monkey,,,
unit-03-animals,snake,noun,bofa,darabii | magarsuu | magariisuu | mar'ataa,/ˈbɔ́fɐ/,yes,high,snake,,,
unit-03-animals,mouse,noun,hantuuttee,fuliyoo | abbaa simboo | focii,/ˈhɐntuːtːéː/,no,medium,muscle,,,
unit-03-animals,hyena,noun,waraabeessa,qaxxaamuraa | harrittaa | yuusisuu | yuusaa,/ˈwɐrɑːbeːsːɐ/,no,medium,hyena,,,
unit-03-animals,leopard,noun,qeeransa,adokol | harqa | carquu | cirriqquu,/ˈkʼeːrɐnsɐ/,no,high,leopard,,,
unit-03-animals,buffalo,noun,yadii,gafarsa | gafaarsa | gurraalee | amartoo,/ˈjɐdíː/,no,medium,buffalo(fem),,,
unit-03-animals,bee,noun,kannisa,kaanniissa | gaagura' | jiisaa | sonii,/ˈkɐnːɪsɐ/,no,medium,bee,,,
unit-03-animals,fly,noun,tisiisa,barrisuu | balali'uu | ooffuu | qarcaasaa,,no,medium,fly (insect),,,
unit-03-animals,hen,noun,lukkuu,handaaqqoo | hindaaqqoo | indaanqoo | haadha lukkuu,,no,medium,hen,,,
unit-03-animals,calf,noun,sarbaa,jaabi | dhalattuu | jabbii | waatii,/ˈsɐrbɑ́ː/,no,medium,calf,,,
unit-03-animals,animal,noun,neefkaa,cibra | uusoo | caxoo | afuuffee,/ˈneːfkɑ́ː/,no,medium,animal,,,
unit-04-numbers,one,num,tokko,aaragalfataa | adamsisaa | addeessaa | alagaa,/ˈtɔkːɔ/,yes,high,one,,,
unit-04-numbers,two,num,lama,walaallammii | lachuu | lolsiisuu | qarqabuu,/ˈlɐmɐ/,yes,high,two,,,
unit-04-numbers,three,num,sadii,sadeen | erbaa | fuulsadee | duququla,/ˈsɐdíː/,yes,high,three,,,
unit-04-numbers,four,num,afur,yagutoo,/ˈʔɐ́fʊr/,yes,high,four,,,
unit-04-numbers,five,num,shan,kiraar | chinkoo | duroo | meezoo,/ˈʃɐ́n/,yes,high,five,,,
unit-04-numbers,six,num,ja'a,jaha | jahii | jayii,,yes,medium,six,,,
unit-04-numbers,seven,num,torba,,/ˈtɔ́rbɐ/,yes,high,seven,,,
unit-04-numbers,eight,num,saddeet,zoodiyaak,/sɐdˈdéːt/,no,high,eight,,,
unit-04-numbers,nine,num,sagal,,/sɐˈɡɐ́l/,yes,high,nine,,,
unit-04-numbers,ten,num,kudhan,boondii | dumbulloo | saantima kudhan,/kʊˈᶑɐ́n/,no,high,ten,,,
unit-04-numbers,eleven,num,kudha tokko,,/ˈkʊᶑɐ tɔkːɔ/,no,high,eleven,,,
unit-04-numbers,twelve,num,kudha lama,saddeeqa,/ˈkʊᶑɐ lɐmɐ/,no,high,twelve,,,
unit-04-numbers,twenty,num,digdama,,,no,high,twenty,,,
unit-04-numbers,thirty,num,sodoma,soddoma,,no,medium,thirty,,,
unit-04-numbers,fifty,num,shantama,alaada,,yes,high,fifty,,,
unit-04-numbers,hundred,num,dhibba,daawullaa,/ˈᶑɪbːɐ/,yes,high,hundred,,,
unit-04-numbers,thousand,num,kuma,kumsaa,,no,high,thousand,,,
unit-04-numbers,first,num,aboolii,ashuuqqii | fugguu | dursiisuu | dursuu,/ɐboːlíː/,yes,low,first round boiled coffee,,,
unit-04-numbers,second,num,abbalamii,cichaa | jechisiifachuu | lammeefachiisuu | lammeeffachuu,/ɐbːɐlɐmíː/,yes,low,the second owner of wealth,,,
unit-04-numbers,third,num,hiribbii,siisoo,/ˈhɪrɪbːíː/,no,low,tend somebody's cattle to get half or onc third of th breed,,,
unit-04-numbers,number,noun,lakkoofsa,buqqisii | mangoo | lakkoofsa tartibaa,/ˈlɐkːoːfsɐ/,no,high,number,,,
unit-04-numbers,half,noun,cinaacha,walakkaa | alaada | hiribbii | abbaa cinaachaa,/ˈt͡ʃʼɪnɑːt͡ʃɐ/,yes,medium,ribs,,,
unit-04-numbers,many,adj,galaana,badaa | hoomaa | disaasaa | ciccituu,/ˈɡɐlɑːnɐ/,no,medium,many/much,,,
unit-04-numbers,few,adj,xiqqishoo,merqa | dudubbisaa | shikifii | shillimii,/ˈtʼɪkʼːɪʃóː/,no,medium,a few,,,
unit-04-numbers,count,verb,lakkaa'uu,lakkaawwachuu | lakkoofsisuu | oflakka'uu | herreegachuu,,no,high,to count,,,
unit-05-colours-and-sizes,red,adj,diimaa,dimbiixxii | biluu | jorroo | algaasee,/ˈdiːmɑ́ː/,yes,high,red,,,
unit-05-colours-and-sizes,white,adj,adii,adanii | addaata | akkabaddoo | amaamaa,/ɐdíː/,yes,high,white,,,
unit-05-colours-and-sizes,black,adj,gurraacha,gugura | asaabala | gurraalee | dirbisaa,,no,medium,black,,,
unit-05-colours-and-sizes,green,adj,dheedhii,magarisa | magariisa | haffe | aanannoo,/ˈᶑeːᶑíː/,yes,medium,raw (food),,,
unit-05-colours-and-sizes,yellow,adj,kelloo,keelloo | bororoo | adaa | bulloo,,no,high,"yellow, misspelling of keelloo",,,
unit-05-colours-and-sizes,blue,adj,cuquliisa,dooqee | cuquliisa | buulloo,/ˈt͡ʃʼʊkʼʊliːsɐ/,yes,high,blue,,,
unit-05-colours-and-sizes,brown,adj,daammii,magaala | daabii | adaa | dummunyii,/ˈdɑːmːíː/,yes,high,brown,,,
unit-05-colours-and-sizes,grey,adj,daalacha,odolcha | arraayuu | bullaa | boolee,/ˈdɑːlɐt͡ʃɐ/,yes,high,gray,,,
unit-05-colours-and-sizes,big,adj,guddaa,alabicha | gidaaduu | jajjabaa | bokkolluu,/ˈɡʊdːɑ́ː/,no,high,big,,,
unit-05-colours-and-sizes,small,adj,dikkoo,canuu | yaraa | beeddee | faturaa,/ˈdɪkːóː/,yes,medium,"small, some, little",,,
unit-05-colours-and-sizes,long,adj,dheeraa,hordaa | aliiwaayaa | arrabiiyyee | babal'ii,,no,high,long,,,
unit-05-colours-and-sizes,short,adj,gabaabaa,dekkoo | ankaaksuu | hankaakaa | murqicha,,no,medium,short,,,
unit-05-colours-and-sizes,tall,adj,sooyyama,jabaachuu | gaaltama | alalaa | dheerachuu,/ˈsoːjːɐmɐ/,no,medium,"a tall, slender plant with tubular",,,
unit-05-colours-and-sizes,wide,adj,boochoo,mandiidaa | ruuda | babal'ii | basanqalaa,/ˈboːt͡ʃóː/,yes,high,Wide,,,
unit-05-colours-and-sizes,narrow,adj,dhiphoo,daandii | dhula | fucucii | dhiphisiisuu,,no,medium,"narrow, tight",,,
unit-05-colours-and-sizes,heavy,adj,ulfaataa,jorroo | dirsaa | eeluu | jirkaa,,no,high,heavy,,,
unit-05-colours-and-sizes,light,adj,ifaa,ibsaa | ifee | iftuu | balaqii,/ɪfɑ́ː/,no,medium,light,,,
unit-05-colours-and-sizes,new,adj,haaraa,boonqoo | elellee | damboobuu | handhuuruu,/hɑːrɑː/,no,high,new,,,
unit-05-colours-and-sizes,old,adj,moofaa,jaartii | raagaa | boordoo | dullum,,no,medium,old,,,
unit-05-colours-and-sizes,hot,adj,oo'aa,bulluquu | baktii | baqqoo | barbaree,/oːʔɑ́ː/,no,medium,hot; wam.,,,
unit-05-colours-and-sizes,cold,adj,qorraa,qabbanaayaa | dilalla'aa | dhaamocha | qorra,/ˈkʼɔrːɑ́ː/,no,medium,cold,,,
unit-05-colours-and-sizes,clean,adj,haruu,qulleessuu | haxaawuu | foksuu | haqsiisuu,,no,medium,to clean,,,
unit-05-colours-and-sizes,dirty,adj,boosaa,dhiqaa | booxxessuu | koseessuu | qamaaca'uu,/ˈboːsɑ́ː/,yes,high,"dirty, slovenly",,,
unit-05-colours-and-sizes,colour,noun,bifa,halluu | buulloo | qalama | halloomsuu,/ˈbɪfɐ/,yes,medium,colour,,,
unit-05-colours-and-sizes,size,noun,hammamaa,afoollee | bixxiluu | bixxilachiisuu | lakka'achuu,,no,high,size,,,
unit-06-feelings-and-doing,happy,adj,gammachiisuu,gammaduu,/ˈɡɐmːɐt͡ʃiːsúː/,no,low,make some body happy,,,
unit-06-feelings-and-doing,sad,adj,gom'uu,goommuu,/ˈɡɔmʔúː/,no,low,"mourned, be depressed pensive or sad",,,
unit-06-feelings-and-doing,angry,adj,dheekkamuu,aarsuu | heeluu | gubachuu | gubuu,/ˈᶑeːkːɐmúː/,yes,high,"to scold, rebuke, angry",,,
unit-06-feelings-and-doing,tired,adj,dadhabuu,labbeessuu,/ˈdɐᶑɐbúː/,yes,low,"tire, toil be weak ===Verb===",,,
unit-06-feelings-and-doing,hungry,adj,xannisuu,beela'uu | beelessuu | qoonqa'uu | soomayyuu,/ˈtʼɐnːɪsúː/,no,high,"to hungry, to be fanmine stricken",,,
unit-06-feelings-and-doing,thirsty,adj,dhabsuu,dheebochuu,/ˈᶑɐbsúː/,yes,high,thirsty,,,
unit-06-feelings-and-doing,sick,adj,alaan'aluu,kinoofuu | wal'aansa | dhibama | balaqqamsiisuu,/ɐlɑːnʔɐlúː/,yes,high,"cry, esp. when they feel pain, sick (eg. babies)",,,
unit-06-feelings-and-doing,afraid,adj,bacachuu,,/ˈbɐt͡ʃʼɐt͡ʃúː/,yes,low,be afraid,,,
unit-06-feelings-and-doing,good,adj,kiilolee,dabaqqaa | aagimuu | cala'uu | aagituu,/ˈkiːlɔléː/,no,low,clear and good voice,,,
unit-06-feelings-and-doing,bad,adj,badaa,buqa | ciinca'aa | curaa | dhangaggeessaa,,no,high,"bad, evil, wicked",,,
unit-06-feelings-and-doing,play,verb,dhilliquu,taphachiisuu | taphachuu | galagaltoo | raambaa,/ˈᶑɪlːɪkʼúː/,yes,low,play the drum,,,
unit-06-feelings-and-doing,sleep,verb,ciisuu,muguu | muusahuu | raffu | hirriiba,/ˈt͡ʃʼiːsúː/,yes,medium,to sleep,,,
unit-06-feelings-and-doing,run,verb,fiiguu,arreeduu | fiffiiguu | harreeduu | kaachuu,/ˈfiːɡúː/,yes,medium,to run,,,
unit-06-feelings-and-doing,walk,verb,adeemuu,billisuu | deemsisuu | jaammmisuu | gamaluu,/ɐdeːmúː/,yes,high,to walk,,,
unit-06-feelings-and-doing,sit,verb,taa'uu,ammachiisuu | ammachuu | bashaaduu | gaditaa'uu,,no,high,to sit,,,
unit-06-feelings-and-doing,stand,verb,eejjennoo,dhaabbii | eejjennaa | ejjennaa | habalaka,/eːd͡ʒːɛnːóː/,yes,medium,stand,,,
unit-06-feelings-and-doing,come,verb,dhufuu,kottu | cinaa'uu | daandessuu | daaruu,/ˈᶑʊfúː/,yes,medium,to come,,,
unit-06-feelings-and-doing,go,verb,deemuu,dhaquu | lixuu | bahuu | cala'uu,/ˈdeːmúː/,yes,medium,to go,,,
unit-06-feelings-and-doing,speak,verb,dubbachuu,baanuu | dubbisiisuu | mammaaksisuu | minaaguu,/ˈdʊbːɐt͡ʃúː/,yes,medium,to speak,,,
unit-06-feelings-and-doing,hear,verb,dhaga'uu,dhageessisuu | gurraqeensuu,/ˈᶑɐɡɐʔúː/,yes,high,to hear,,,
unit-06-feelings-and-doing,see,verb,arguu,arkuu | ilaaluu | laaluu | addeeysuu,/ɐrɡúː/,yes,medium,to see,,,
unit-06-feelings-and-doing,read,verb,dubbisuu,qara'uu | dubbifamuu | dubbisiisuu | seecca'uu,/ˈdʊbːɪsúː/,yes,medium,to greet,,,
unit-06-feelings-and-doing,write,verb,barreessuu,katabuu | asoosuu | barreessifachuu | barreessisuu,/ˈbɐrːeːsːúː/,yes,medium,to write,,,
unit-06-feelings-and-doing,laugh,verb,kokkolfuu,qasaasuu | kolfuu | kofalchiisuu | kolfisiisuu,/ˈkɔkːɔlfúː/,no,medium,to laugh,,,
unit-06-feelings-and-doing,cry,verb,alaan'aluu,watwaachuu | iyyaa | carquu | cirriqquu,/ɐlɑːnʔɐlúː/,yes,medium,"cry, esp. when they feel pain, sick (eg. babies)",,,
unit-07-body,head,noun,mataa,durayyeessa | abbaa manaa | abrii | agibaar,/mɐtɑː/,no,medium,head,,,
unit-07-body,hair,noun,rifeensa,dabbasaa | balaalii | cadheedhee | cimama,,no,medium,hair (on head),,,
unit-07-body,eye,noun,ija,agartuu | dhanfoora | dunuunfannaa | amajaajii,/ʔɪd͡ʒɐ/,no,high,eye,,,
unit-07-body,ear,noun,dhageettii,gurra | balaqa | guurii | dhagahuu,/ˈᶑɐɡeːtːíː/,yes,medium,ear,,,
unit-07-body,nose,noun,funyaan,funuuna | funuunsuu | funuunuu | furribaafachuu,/fʊɲːɑːn/,yes,high,nose,,,
unit-07-body,mouth,noun,afaan,ciffata | irgoo | lulluuqqaa | handartaa,/ɐfɑːn/,yes,high,mouth,,,
unit-07-body,tooth,noun,ilkee,ilkaan | aadigaa | andilkaa | shuwaaka,/ʔɪl.keː/,no,medium,tooth,,,
unit-07-body,tongue,noun,arraba,arrabmurii,/ɐrːɐbɐ/,yes,high,tongue,,,
unit-07-body,lip,noun,hidhii,buuyyuu | hamdoo | dura dhugduu | hidhii gubbaa,/ˈhɪᶑíː/,no,high,lip,,,
unit-07-body,neck,noun,moqoo,morgoo | morma | dannoo | boquu,/ˈmɔkʼóː/,no,medium,neck,,,
unit-07-body,shoulder,noun,gateetti,qoyiirara | gatiittii | ceekuu | da'ifoo,/ˈɡɐteːtːɪ/,no,medium,shoulder,,,
unit-07-body,arm,noun,dhundhuma,irree | hidhachiisuu | dhundhumuu,/ˈᶑʊnᶑʊmɐ/,yes,medium,arm,,,
unit-07-body,hand,noun,harka,ansoosillaa | ejjetaa | habalaa | habansa,,no,high,hand,,,
unit-07-body,finger,noun,quba,abbuxiqqoo | arrabsaa | daagujjaa | elemoo,,no,high,finger,,,
unit-07-body,nail,noun,bismaara,mismaara | morodee,/ˈbɪsmɑːrɐ/,yes,medium,nail,,,
unit-07-body,chest,noun,laphee,handaraafa,/ˈlɐpʼéː/,no,high,"chest, breast",,,
unit-07-body,heart,noun,onnee,laphee | honnee | gaggabsaa | singigeessuu,/ɔnːéː/,no,medium,heart,,,
unit-07-body,back,noun,dugda,anqalbaa | dudduuba | duuboo | erkoo,/ˈdʊɡdɐ/,yes,high,back,,,
unit-07-body,stomach,noun,garaacha,garaa | bulgasuu | halteeta | qochoma,,no,medium,stomach,,,
unit-07-body,belly,noun,borcii,macoo | garaa | huffoo | xerrebbee,/ˈbɔrt͡ʃʼíː/,yes,high,belly,,,
unit-07-body,leg,noun,luka,dachaafattuu | diriirfannaa | cabsoo | gambaallee,,no,medium,leg,,,
unit-07-body,knee,noun,jilba,gambaallee | many ee,,no,high,knee,,,
unit-07-body,foot,noun,kottee,miilla | ansoosillaa | dukkaa | faanajala,/ˈkɔtːéː/,no,medium,"foot print, trace, trail track hoof",,,
unit-07-body,toe,noun,quba miillaa,,,no,high,toe,,,
unit-07-body,skin,noun,googa,gogaa | condorroo | baarilee | injicha,,no,medium,skin,,,
unit-08-health,illness,noun,dhukkuba,libalibii | wayyaa'uu,/ˈᶑʊkːʊbɐ/,yes,medium,"disease, illness",,,
unit-08-health,pain,noun,aʼa,ibrikuu | laalata | xaaxaatee | aada,/ɐʼɐ/,yes,low,painful voice of sharp pain.,,,
unit-08-health,fever,noun,laydaa,qandhoo | lagdaa | gubaa | ho'a,/ˈlɐjdɑ́ː/,no,medium,fever,,,
unit-08-health,cough,noun,ukaa,qufaa | qusa'uu | ukamuu | qufa'uu,/ʊkɑ́ː/,no,medium,cough,,,
unit-08-health,wound,noun,madaa,qonyonyaa | roojii | kulkula | taaffee,,no,high,"wound, injury",,,
unit-08-health,medicine,noun,daawwaa,qoricha | aanquu | alteeta | arraddoo,/ˈdɑːwːɑ́ː/,yes,high,medicine,,,
unit-08-health,doctor,noun,ogeessa fayyaa,abbaa qorichaa | haakimii | hakimii | hakiimii,/ɔɡeːsːɐ fɐjːɑ́ː/,no,high,doctor,,,
unit-08-health,hospital,noun,hospítaala,mana yaalaa,/ˈhɔspítɑːlɐ/,no,high,hospital,,,
unit-08-health,nurse,noun,dhukkubsachiisuu,sooruu | yaaluu,/ˈᶑʊkːʊbsɐt͡ʃiːsúː/,yes,high,nurse,,,
unit-08-health,blood,noun,dhiiga,aammoo | aantii | alagaa | dhalataa,/ˈᶑiːɡɐ/,yes,high,blood,,,
unit-08-health,health,noun,fayyaa,dhoramuu,/ˈfɐjːɑ́ː/,yes,high,health,,,
unit-08-health,sneeze,noun,axxissoo,axiffachuu | haxxiffachuu | axxififachiisuu | haxxiffachiisuu,/ɐtʼːɪsːóː/,yes,high,sneeze,,,
unit-08-health,headache,noun,mataa bowwuu,bowwaafachuu,,no,high,headache,,,
unit-08-health,thirst,noun,dheebuu,,/ˈᶑeːbúː/,yes,high,thirst,,,
unit-08-health,hunger,noun,doromii,duullii | beela,/ˈdɔrɔmíː/,yes,medium,hunger,,,
unit-08-health,dream,noun,abjuu,abjoochuu | manaamuu | abjuu laaluu | abjuu gaarii,/ɐbd͡ʒúː/,no,medium,dream,,,
unit-08-health,scar,noun,lamagii,birii,/ˈlɐmɐɡíː/,no,high,scar,,,
unit-08-health,sickness,noun,dandaa,olguura | maansaa | lollojji,/ˈdɐndɑ́ː/,yes,low,sleeping sickness,,,
unit-08-health,cure,noun,fayyisuu,dhunsuu | faduu | deeffachiisuu | dhunsiisuu,/ˈfɐjːɪsúː/,yes,medium,to cure,,,
unit-08-health,vomit,noun,diddiga,hoqqisa | balaqqama | hooqqisuu | hooqqisiisuu,/ˈdɪdːɪɡɐ/,yes,medium,vomit,,,
unit-08-health,injury,noun,madaa,saffaatoo,,no,high,"wound, injury",,,
unit-08-health,swelling,noun,dhiitoo,mashaa | dhiita | orbobbaa'uu | wassee,/ˈᶑiːtóː/,yes,medium,swelling,,,
unit-08-health,itch,noun,cittoo,ctoruu | biichee | hooqaa | cittaawuu,/ˈt͡ʃʼɪtːóː/,yes,high,itch,,,
unit-08-health,death,noun,du'a,cirifannoo | hobbaafannaa | oolchuu | ajala,/ˈdʊʔɐ/,yes,medium,death,,,
unit-08-health,life,noun,dhakkee,jiruu | umrii | ruhii | warra,/ˈᶑɐkːéː/,yes,medium,life,,,
unit-09-clothes,clothes,noun,uffannaa,uffata | daara | azaaya | balasee,/ʊfːɐnːɑ́ː/,no,medium,clothes,,,
unit-09-clothes,shirt,noun,ubaara,kittaa | shamizii | biddiqqoo | dibbiqqoo,/ʊbɑːrɐ/,no,medium,shirt,,,
unit-09-clothes,trousers,noun,surree,bolaalee | kofoo,,no,high,"pants, trousers",,,
unit-09-clothes,dress,noun,lamii,arrabiiyyee | dirbadiri | dungusee | fittaalee,/ˈlɐmíː/,no,high,dress,,,
unit-09-clothes,skirt,noun,bongoo,kurtaa | qexxaa | hamfala | gembisoo,/ˈbɔnɡóː/,yes,medium,skirt,,,
unit-09-clothes,shoe,noun,kophee,koongoo | liistiroo,,no,high,shoe,,,
unit-09-clothes,hat,noun,gonfoo,baarmexaa | qoobii | amaamaa | kalawaa,/ˈɡɔnfóː/,no,medium,hat,,,
unit-09-clothes,cap,noun,gooffee,kuffiyyaa | mafee | mallayyoo | qoobii,/ˈɡoːfːéː/,no,medium,cap,,,
unit-09-clothes,belt,noun,dhukoo,qabattoo | saqqii | waraansillee | gurda,/ˈᶑʊkóː/,yes,medium,belt,,,
unit-09-clothes,coat,noun,kootii,baaxiyyaa | ducee | duuchee | kaabbortaa,/ˈkoːtíː/,no,high,coat,,,
unit-09-clothes,blanket,noun,banjaa,awusaa | baanaa | jifaara,/ˈbɐnd͡ʒɑ́ː/,yes,medium,blanket,,,
unit-09-clothes,cloth,noun,fittaala,uwwisa | wuccuu | ruufa | baladii,/ˈfɪtːɑːlɐ/,yes,medium,cloth (cultural),,,
unit-09-clothes,cotton,noun,jirbii,dirmoo | damacaa | dabalaa | boffee,/ˈd͡ʒɪrbíː/,no,high,cotton,,,
unit-09-clothes,wool,noun,suufii,,/ˈsuːfíː/,no,high,sunflower plant or seed,,,
unit-09-clothes,button,noun,biinkoo,kolbee | qawwisaa | qabdoo | kolbaa,/ˈbiːnkóː/,yes,medium,button,,,
unit-09-clothes,pocket,noun,kiisi,kiisii | baakkoo,,no,medium,pocket,,,
unit-09-clothes,ring,noun,hogee,qillica | quboo | qubeelaa | amartii,/ˈhɔɡéː/,no,medium,ring,,,
unit-09-clothes,necklace,noun,amartii,hamarti mormaa | masqalii | caaccuu,/ɐmɐrtíː/,yes,high,ring/necklace,,,
unit-09-clothes,bracelet,noun,aalboo,saldaaqa | laakkaa | maaldaa | gumee,/ɑːlbóː/,yes,medium,bracelet,,,
unit-09-clothes,earring,noun,gutichaa,lootii | dhugoo,/ˈɡʊtɪt͡ʃɑ́ː/,no,medium,earring,,,
unit-09-clothes,needle,noun,lilmoo,lilimmoo | mooxi | waranxoo | waantoo,/ˈlɪlmóː/,no,medium,needle,,,
unit-09-clothes,thread,noun,fowaa,dirmoo | boffee | kirrii | luqqisaa,/ˈfɔwɑ́ː/,yes,high,thread,,,
unit-09-clothes,scarf,noun,darbata,uffarmaa,/ˈdɐrbɐtɐ/,yes,medium,throwing,,,
unit-09-clothes,towel,noun,fooxaa,,/ˈfoːtʼɑ́ː/,yes,high,towel,,,
unit-09-clothes,bead,noun,helellaa,saddeeqa | haffe | jamaree,/ˈhɛlɛlːɑ́ː/,no,medium,"white glass, bead",,,
unit-10-house,house,noun,mana,agibaar | agibaarittii | aseennaa | buyyitii,,no,high,house,,,
unit-10-house,door,noun,balbala,cufaa | cufanna | maqaanii | michichilaa,/ˈbɐlbɐlɐ/,yes,medium,"door, gate",,,
unit-10-house,window,noun,foddaa,maqaanii,/ˈfɔdːɑ́ː/,yes,high,window,,,
unit-10-house,roof,noun,awayaata,ajjeerraa | baabbuu | dimdimii | kabaa,/ɐwɐjɑːtɐ/,yes,high,roof,,,
unit-10-house,wall,noun,gidaara,girgiddaa | duppoo | girgijii | gorroo,/ˈɡɪdɑːrɐ/,no,medium,wall,,,
unit-10-house,floor,noun,lafama,seexoo | afata | hogdii | oodii,/ˈlɐfɐmɐ/,no,medium,floor,,,
unit-10-house,room,noun,xallisa,kuuta | adiyyee | dilboo | cichaa,/ˈtʼɐlːɪsɐ/,no,medium,"the situation of being in wander, room",,,
unit-10-house,bed,noun,siree,golaciisaa | inshiree | itillee | jal-galee,,no,high,bed,,,
unit-10-house,chair,noun,barcuma,irrateessoo | erkoo | dura bu'aa | haadha koraa,/ˈbɐrt͡ʃʼʊmɐ/,yes,medium,chair/seat/stool,,,
unit-10-house,table,noun,minjaala,baafannoo | dhi'aan | gabataa | leemaatii,,no,high,table,,,
unit-10-house,lamp,noun,faanosii,faanusa | ibsaa | kinnaaya | laambaa,/ˈfɑːnɔsíː/,yes,medium,lamp,,,
unit-10-house,key,noun,bantuu,furtuu | furaa | gurra buusa | furtuu afuurfannoo,/ˈbɐntúː/,yes,medium,key,,,
unit-10-house,fence,noun,dallaa,dhayii | mikkiila | araaressuu | dalleessuu,/ˈdɐlːɑ́ː/,yes,medium,fence,,,
unit-10-house,gate,noun,balbala,cufaa | cufanna | hulaa | bitimaa,/ˈbɐlbɐlɐ/,yes,medium,"door, gate",,,
unit-10-house,yard,noun,abaada,hiikee | marjeeji | hogolee | mana duuba,/ɐbɑːdɐ/,yes,high,"compound, yard",,,
unit-10-house,kitchen,noun,alawaadaa,alwaadaa | kushinaa | mana duuba | cichaa,/ɐlɐwɑːdɑ́ː/,yes,medium,kitchen,,,
unit-10-house,garden,noun,oboruu,manduubee | cilaaddama | jalaharaa | jalasoquu,/ɔbɔrúː/,no,medium,garden,,,
unit-10-house,stairs,noun,ejjeta,yaabbannoo,/ɛd͡ʒːɛtɐ/,yes,low,stairs or steps,,,
unit-10-house,shelf,noun,dulaaba,aansada | zalangaa | girgijii,/ˈdʊlɑːbɐ/,yes,medium,shelf,,,
unit-10-house,box,noun,aboona,saanduqa | baakkoo | habootuu | baalkosaa,/ɐboːnɐ/,yes,medium,box,,,
unit-10-house,basket,noun,ajanbilii,gibbona | gonofee | qembee | xooqee,/ɐd͡ʒɐnbɪlíː/,yes,medium,basket,,,
unit-10-house,bag,noun,boorsaa,aloolloo | qalqalloo | qaraxixii | biiroo,/ˈboːrsɑ́ː/,yes,high,"bag, sack",,,
unit-10-house,broom,noun,axoolaa,hartuu | harataa | acarabaa | hacarabaa,/ɐtʼoːlɑ́ː/,yes,medium,broom,,,
unit-10-house,mat,noun,keeshaa,jibbaa | kachoo | raroo | handaqii,/ˈkeːʃɑ́ː/,no,high,"mat, sack",,,
unit-10-house,curtain,noun,daatii,girdoo | machabaaloo | golga | dayeessa,/ˈdɑːtíː/,yes,medium,curtain,,,
unit-11-kitchen,pot,noun,giicuu,hokkotee | okkotee | washoo | go'oo,/ˈɡiːt͡ʃʼúː/,no,medium,pot,,,
unit-11-kitchen,pan,noun,caabitaa,mosollee | xiliitee | maxabashaa | distii sibiilaa,/ˈt͡ʃʼɑːbɪtɑ́ː/,yes,low,local bread made on clay pan,,,
unit-11-kitchen,knife,noun,ablee,billaa | haaduu | qalaa | cuubee,/ɐbléː/,yes,medium,knife,,,
unit-11-kitchen,fork,noun,filoo,qoorbii,/ˈfɪlóː/,yes,high,"fork, strip",,,
unit-11-kitchen,bowl,noun,gabatee,killoo | qorii | golbachuu,/ˈɡɐbɐtéː/,no,low,large wooden dish or bowl,,,
unit-11-kitchen,bottle,noun,dulloo,qaruuraa | xaarmusii | buttullee | koddaa,/ˈdʊlːóː/,yes,medium,bottle,,,
unit-11-kitchen,jug,noun,ninniqa,ninniga,/ˈnɪnːɪkʼɐ/,no,medium,jug,,,
unit-11-kitchen,kettle,noun,manqorqoraa,masloolee | maarashoo | makrajii,/ˈmɐnkʼɔrkʼɔrɑ́ː/,no,medium,kettle,,,
unit-11-kitchen,lid,noun,ankalaba,gombiftuu | daboolaa | gunjaa | qadaada,/ɐnkɐlɐbɐ/,yes,medium,see 'anqalbaa',,,
unit-11-kitchen,cover,noun,boonkisii,daboolaa | dayeessa | gunjaa | qadaada,/ˈboːnkɪsíː/,yes,medium,cover,,,
unit-11-kitchen,firewood,noun,qoraan,xiifoo | libaallibbee,,no,high,firewood,,,
unit-11-kitchen,oven,noun,furnoo,romaca | geemmoo,/ˈfʊrnóː/,yes,medium,oven,,,
unit-11-kitchen,flour,noun,baarree,qaatii | toloola | unkuroo | wandaroo,/ˈbɑːrːéː/,yes,low,large gourd used to contain dough grass made container of flour.,,,
unit-11-kitchen,oil,noun,zayitii,quyyisa | fagulloo | nuugii | baqsiisuu,/ˈzɐjɪtíː/,yes,medium,"edible oil, oil",,,
unit-11-kitchen,cheese,noun,baaduu,qimixuu | ittoo loonii | cororsaa | irra buusa,/ˈbɑːdúː/,yes,medium,cheese,,,
unit-11-kitchen,spice,noun,hawaaja,mi'eessituu | urgeessituu | urgoo | quyyifa,/ˈhɐwɑːd͡ʒɐ/,no,medium,spice,,,
unit-11-kitchen,pepper,noun,barbaree,kolofoo | mimmixoo | lojoo | qaaraa,/ˈbɐrbɐréː/,yes,low,hot pepper,,,
unit-11-kitchen,soup,noun,layyoo,shorbaa | hurgufoo | koosara | mooquu,/ˈlɐjːóː/,no,medium,soup,,,
unit-12-school,school,noun,mana barumsaa,darasaa,,no,high,school,,,
unit-12-school,teacher,noun,qaraasisaa,barsiiftuu | barsiisaa,/ˈkʼɐrɑːsɪsɑ́ː/,no,medium,teacher,,,
unit-12-school,student,noun,darasaa,,/ˈdɐrɐsɑ́ː/,yes,low,student of Quranic school,,,
unit-12-school,book,noun,kitaaba,dabtara | haragoo | qur'aana | dabalii,/ˈkɪtɑːbɐ/,no,high,book,,,
unit-12-school,page,noun,fuula saphaphuu,,/ˈfuːlɐ sɐpʼɐpʼúː/,yes,low,web page,,,
unit-12-school,pen,noun,kobbee,barreessaa | bitimaa | mooraa | shaxee,,no,medium,pen,,,
unit-12-school,pencil,noun,qubeessaa,barreessaa | kobbii,,no,medium,pencil,,,
unit-12-school,paper,noun,waraqaa,arrigoo | bariisaa | sooftii | gamshaa,,no,high,paper,,,
unit-12-school,letter,noun,xalayaa,a | A,/ˈtʼɐlɐjɑ́ː/,no,high,letter,,,
unit-12-school,word,noun,jecha,aabbo | dabarsoo | otola | qartii,,no,high,word,,,
unit-12-school,question,noun,gaaffii,iyyaafannaa | mallattoo gaffi,,no,medium,question,,,
unit-12-school,answer,noun,deebinsa,deebii | deebisa,/ˈdeːbɪnsɐ/,yes,medium,answer,,,
unit-12-school,lesson,noun,barumsa,laalessuu,/ˈbɐrʊmsɐ/,yes,high,lesson,,,
unit-12-school,story,noun,darbii,durdurii | fooqii | asooga,/ˈdɐrbíː/,yes,medium,story,,,
unit-12-school,song,noun,absaala,faarfannaa | sirba | weedduu | dannaboo,/ɐbsɑːlɐ/,yes,medium,song,,,
unit-12-school,language,noun,afaan,afkeeka | afmadda | geeddarafa | afaan garlamee,/ɐfɑːn/,yes,high,mouth,,,
unit-12-school,chalk,noun,boronqii,,/ˈbɔrɔnkʼíː/,yes,high,chalk,,,
unit-12-school,class,noun,daree,olaantiyyaa | saabbaa | fugaa | gita bittuu,/ˈdɐréː/,yes,low,a kind of low land tree,,,
unit-12-school,library,noun,mana kitaaba,,/ˈmɐnɐ kɪtɑːbɐ/,no,high,library,,,
unit-12-school,pupil,noun,gumaa ijaa,agartuu | qaroo,/ˈɡʊmɑː ɪd͡ʒɑ́ː/,no,high,pupil,,,
unit-12-school,knowledge,noun,beekumsa,barannoo | beekkachuu | gonfachuu,/ˈbeːkʊmsɐ/,yes,medium,knowledge,,,
unit-12-school,writing,noun,barreeffama,hololeessuu,/ˈbɐrːeːfːɐmɐ/,yes,high,writing; written text; piece of writing,,,
unit-12-school,reading,noun,dubbisa,,/ˈdʊbːɪsɐ/,yes,low,talk to somebody,,,
unit-12-school,game,noun,tapha,baqqoo | gabbaa | gombisa | gugsii,/ˈtɐpʼɐ/,no,high,"game, jock,",,,
unit-12-school,rule,noun,bittaa,dambii | sassararuu | mohuu | mootomuu,/ˈbɪtːɑ́ː/,yes,medium,purchase,,,
unit-13-time,time,noun,wayita,yeroo | mosina | ittaansuu | ammii,/ˈwɐjɪtɐ/,no,medium,time,,,
unit-13-time,day,noun,bultii,gaafa | guyyaa | awandaroo | boromtii,/ˈbʊltíː/,yes,high,standard of living,,,
unit-13-time,night,noun,halkan,halkan har'aa | algadda | dibaa | gebexii,,no,high,night,,,
unit-13-time,morning,noun,barraaqa,orraa | ganama | abboroo | bakkalcha,/ˈbɐrːɑːkʼɐ/,yes,medium,morning,,,
unit-13-time,evening,noun,dhi'a,dhiya | galgala | aboorada | hacamooyyaa,/ˈᶑɪʔɐ/,yes,medium,evening,,,
unit-13-time,afternoon,noun,waaree booda,,/ˈwɑːreː boːdɐ/,no,high,afternoon,,,
unit-13-time,week,noun,torban,torbee | torbandarbe | torbandhufu | harka dhawaa,,no,medium,week,,,
unit-13-time,month,noun,baatii,aboorada | aldarba | gardaaduma | innika,/ˈbɑːtíː/,yes,high,month,,,
unit-13-time,year,noun,waggaa,jijjiirraa baraa | haddaar | kurmaana | bara duraa,,no,high,year,,,
unit-13-time,today,noun,guyyaa har'aa,,/ˈɡʊjːɑː hɐrʔɑ́ː/,no,high,today,,,
unit-13-time,tomorrow,noun,borumtaa,,/ˈbɔrʊmtɑ́ː/,yes,low,"next day, after tomorrow",,,
unit-13-time,hour,noun,saatii,,,no,high,hour,,,
unit-13-time,minute,noun,buquqaa,,/ˈbʊkʼʊkʼɑ́ː/,yes,low,"garbage, refuse",,,
unit-13-time,season,noun,tibba,waqtii | mosina | darabii | birroolee,/ˈtɪbːɐ/,no,medium,season,,,
unit-13-time,summer,noun,ganna,bonee | gordii | hobonbola,,no,high,summer,,,
unit-13-time,winter,noun,bona,bonaawuu | ganna bawuu,/ˈbɔnɐ/,yes,high,winter,,,
unit-13-time,spring,noun,arfaasaa,burqaa | furga'aa | calcalii | birroolee,/ɐrfɑːsɑ́ː/,yes,medium,"spring, springtime",,,
unit-13-time,autumn,noun,birraa,arfaasee,/ˈbɪrːɑ́ː/,yes,high,"autumn, fall",,,
unit-13-time,rain,noun,bokkaa,rooba | roobuu | baaldoo | baaxiyyaa,/ˈbɔkːɑ́ː/,yes,high,rain,,,
unit-13-time,sun,noun,biiftuu,biifuu | aduu | haduu | adulee,/ˈbiːftúː/,yes,medium,sun,,,
unit-13-time,moon,noun,addeessa,ji'a | zoodiyaak | elellee | fasasee,/ɐdːeːsːɐ/,yes,medium,moon,,,
unit-13-time,star,noun,hurjii,urgi | urjii | bakkalcha | qorsa,/ˈhʊrd͡ʒíː/,no,medium,star,,,
unit-13-time,sky,noun,samii,waaqa | olfagoo | gimmisuu,,no,medium,sky,,,
unit-13-time,dawn,noun,obboroo,boruu | bariifachuu | bariitu | bari'uu,,no,medium,dawn,,,
unit-13-time,dusk,noun,dimimmisa,,/ˈdɪmɪmːɪsɐ/,yes,high,dusk/twilight,,,
unit-14-weather,wind,noun,bubbee,daawwaramuu | bubbisa | bubbisiisuu | buxii,/ˈbʊbːéː/,yes,medium,"hurricane, storm, wind",,,
unit-14-weather,cloud,noun,duumessa,baaldoo | duumessaa'uu,/ˈduːmɛsːɐ/,yes,high,cloud,,,
unit-14-weather,storm,noun,suulaa,bubbee | hobonboleessa | rooba hangaasuu,,no,medium,storm,,,
unit-14-weather,thunder,noun,bakakkaa,billiqqee | qaqawwii | mandichuu | mandihuu,/ˈbɐkɐkːɑ́ː/,yes,medium,thunder,,,
unit-14-weather,lightning,noun,balaqqeessa,angaasuu | billiqqee,/ˈbɐlɐkʼːeːsːɐ/,yes,medium,lightning,,,
unit-14-weather,heat,noun,o'a,ho'a | karkarsuu | o'isuu | xanxara,,no,medium,heat,,,
unit-14-weather,ice,noun,cabbii,jalaatii,/ˈt͡ʃʼɐbːíː/,yes,high,ice,,,
unit-14-weather,fog,noun,qayyoota,hurrii,/ˈkʼɐjːoːtɐ/,no,medium,fog,,,
unit-14-weather,dew,noun,fixeensa,,/ˈfɪtʼeːnsɐ/,yes,high,dew,,,
unit-14-weather,rainbow,noun,sabbata waaqayyoo,,/ˈsɐbːɐtɐ wɑːkʼɐjːóː/,no,high,rainbow,,,
unit-14-weather,shade,noun,caayaa,qabbana | ciibsaa,/ˈt͡ʃʼɑːjɑ́ː/,yes,medium,"shade, shadow",,,
unit-14-weather,drought,noun,hongee,ongee,/ˈhɔnɡéː/,no,low,drought or dry,,,
unit-14-weather,flood,noun,laabaa,galoo | lolaa | loosaa | towuu,/ˈlɑːbɑ́ː/,no,medium,flood,,,
unit-14-weather,mud,noun,dhoqqee,laaqii | dhidhimuu | dhooba | duppoo,/ˈᶑɔkʼːéː/,yes,medium,mud,,,
unit-14-weather,dust,noun,awwaara,buukanii | dhukkee | awaara | bunnisuu,/ɐwːɑːrɐ/,no,medium,dust,,,
unit-14-weather,smoke,noun,haara,aarsuu | xuuxuu | aaruu | aarfamuu,,no,medium,smoke (of fire),,,
unit-14-weather,air,noun,qilleensa,dhalatto | faalamaqilleensaa | xurree | haatuu balali'aa,,no,high,air,,,
unit-14-weather,darkness,noun,dukkana,,/ˈdʊkːɐnɐ/,yes,high,darkness,,,
unit-14-weather,frost,noun,boojjii,muqqur | muqura | waagii,/ˈboːd͡ʒːíː/,yes,medium,salty soil usually eaten by cattle,,,
unit-14-weather,weather,noun,amaleensa,caamessa | bulluqa | qorraa | maallimuu,/ɐmɐleːnsɐ/,yes,low,weather condition,,,
unit-15-nature,land,noun,dachee,lafa | bajjii | beedholamaa | bonayyoo,/ˈdɐt͡ʃéː/,yes,medium,"earth, land, ground",,,
unit-15-nature,mountain,noun,tulluu,kaakkaa | roggee | hongoolo | kaaba hallu,/tʊlːuː/,no,high,mountain,,,
unit-15-nature,hill,noun,daabbaa,gaara | garoo | tabba | koobii,/ˈdɑːbːɑ́ː/,yes,medium,hill,,,
unit-15-nature,valley,noun,golba,sulula | gololee | suluula | daadduu,/ˈɡɔlbɐ/,no,medium,valley,,,
unit-15-nature,river,noun,laga,burrisa | daarii | galaana | jogii,,no,high,river,,,
unit-15-nature,stream,noun,dolool'oo,madduu | xururuu,/ˈdɔloːlʔóː/,yes,low,brook/smll stream,,,
unit-15-nature,lake,noun,hara,haroo | garba | garba lixxaa | haroo Walaabuu,/hɐrɐ/,no,medium,lake,,,
unit-15-nature,sea,noun,garba,aboyyii | afooga | galaana | olguura,,no,high,"ocean, sea, lake",,,
unit-15-nature,well,noun,gaarumsa,seega | beedholamaa | birii | callaa,/ˈɡɑːrʊmsɐ/,no,medium,"being good, well",,,
unit-15-nature,stone,noun,dhagaa,dhakaa | baraasa | bardhagitee | biilaluu,/ˈᶑɐɡɑ́ː/,yes,medium,stone,,,
unit-15-nature,rock,noun,dhakaacha,saaphaphuu | kattaa baalcii | kattaa burkaanaa | soogidda amoolee,/ˈᶑɐkɑːt͡ʃɐ/,yes,high,tortoiseshell,,,
unit-15-nature,sand,noun,cir'achaa,cirracha | maansaa | mansaa | lomoxuu,/ˈt͡ʃʼɪrʔɐt͡ʃɑ́ː/,yes,medium,sand,,,
unit-15-nature,soil,noun,biyyoo,boolee | callabiyyoo | eegumsabiyyee | boojjii,/ˈbɪjːóː/,yes,high,soil,,,
unit-15-nature,forest,noun,raasaa,bosona | buttoo | riibaa | haxxee,/ˈrɑːsɑ́ː/,no,medium,open place,,,
unit-15-nature,field,noun,dirree,abaxallaloo | aloola | babbaqa | ashuffee,/ˈdɪrːéː/,yes,medium,field,,,
unit-15-nature,farm,noun,qotiisa,ooyru | qonna | qotuu | beedholamaa,/ˈkʼɔtiːsɐ/,no,medium,farm,,,
unit-15-nature,road,noun,karaa,moocii | maqa | looshaa | hadiida baaburaa,,no,medium,road,,,
unit-15-nature,path,noun,xurree,moocii | hoticha | daandii | fulee,/ˈtʼʊrːéː/,no,medium,sound of passing air,,,
unit-15-nature,bridge,noun,dilbuu,riqicha | ceesiftuu | ceesisuu,/ˈdɪlbúː/,yes,medium,bridge,,,
unit-15-nature,cave,noun,boongoo,olqa | holqa | qaalaa | bowwaa,/ˈboːnɡóː/,yes,medium,cave,,,
unit-15-nature,island,noun,baqqanaa,baqqaana | cittuu | oddoola | odoola,/ˈbɐkʼːɐnɑ́ː/,yes,medium,island,,,
unit-15-nature,shore,noun,deegga'uu,,/ˈdeːɡːɐʔúː/,yes,low,prop something up usually stone mill shore up or support,,,
unit-15-nature,desert,noun,adaala,balballaa | langaanoo | alloo | corree,/ɐdɑːlɐ/,yes,medium,desert,,,
unit-15-nature,grass,noun,marga,kaloo | aduffaa | afalaamaa | afannee,,no,medium,grass,,,
unit-15-nature,hole,noun,boroqaa,qiliilee | qawoo | qaawwa | boolla'uu,/ˈbɔrɔkʼɑ́ː/,yes,high,hole,,,
unit-16-plants,tree,noun,muka,aadee | abbabbeessa | abbayyoo | abdaarii,/ˈmʊ́kɐ/,no,high,tree,,,
unit-16-plants,leaf,noun,baala,obeensa | gurra | aduffaa | ashanquxaa,/ˈbɑːlɐ/,yes,medium,leaf,,,
unit-16-plants,branch,noun,baarkoo,birkii | handaaraa | corgoggee | damee,/ˈbɑːrkóː/,yes,medium,branch,,,
unit-16-plants,root,noun,hidda,hundee | ammichoo | ansoosillaa | burii,/ˈhɪdːɐ/,no,medium,root,,,
unit-16-plants,flower,noun,abaaboo,hadaa | baallamii | daraaraa | adaa,/ɐbɑːbóː/,yes,high,flower,,,
unit-16-plants,seed,noun,sanyii,ijoo | facaafataa | saliixii | safii,,no,medium,seed,,,
unit-16-plants,bush,noun,gussii,huuxii | saaxoo | attaa | gussoo,/ˈɡʊsːíː/,no,medium,bush,,,
unit-16-plants,thorn,noun,qoraattii,xaroo | xiixaa | arraba dubartii | arraba qoraattii,/ˈkʼɔrɑːtːíː/,no,medium,thorn,,,
unit-16-plants,bark,noun,dutuu,qaana'a | solloqqee | bukumsa | dhoqonuu,/ˈdʊtúː/,yes,medium,bark,,,
unit-16-plants,wood,noun,ciraaroo,dhaanquu | dongora | falaxaa | foroorsaa,/ˈt͡ʃʼɪrɑːróː/,yes,low,brush wood or dry twinges used as fire wood,,,
unit-16-plants,trunk,noun,humbaawoo,huumbii | gudeelcha | kunbii,/ˈhʊmbɑːwóː/,no,low,trunk of elephant,,,
unit-16-plants,plant,noun,hadaa,aadigaa | aanannoo | abariree | acarabaa,/ˈhɐdɑ́ː/,yes,low,daisy plant or its flower,,,
unit-16-plants,crop,noun,bonee,gordii | hoboloo | qaarmii | guboo,/ˈbɔnéː/,yes,low,summer crop or vegetable produced by irrigation,,,
unit-16-plants,weed,noun,aramaa,haramaa | korkodaa | huura | aramuu,/ɐrɐmɑ́ː/,yes,medium,weed,,,
unit-16-plants,stem,noun,somaa,gubaalessa | homborokkee | futtiqii | futtiquu,/ˈsɔmɑ́ː/,no,high,"stalk, stem",,,
unit-16-plants,shoot,noun,xaaxessuu,biiluu | huuxoo | muuroo | quuxaa,/ˈtʼɑːtʼɛsːúː/,no,medium,shoot,,,
unit-16-plants,vine,noun,haraga,hidda | baggee | hancootee | hoomichoo,/ˈhɐrɐɡɐ/,no,medium,vine,,,
unit-16-plants,bamboo,noun,leemmana,sooyyama | faaggaa | kachoo | saxaraa,,no,medium,bamboo,,,
unit-16-plants,palm,noun,harruu,shanacha | ansoosillaa | daatuu | ducee,,no,medium,palm (of the hand),,,
unit-16-plants,cactus,noun,amoshaqaa,hadaamaa | adaamii | ciiree | ashooka,/ɐmɔʃɐkʼɑ́ː/,yes,medium,cactus,,,
unit-16-plants,moss,noun,saphaphuu,,/ˈsɐpʼɐpʼúː/,no,high,"algae or greenish water plant, moss",,,
unit-16-plants,pollen,noun,habaree,,/ˈhɐbɐréː/,no,high,pollen,,,
unit-17-fruit,lemon,noun,dhugoo,xuuxxoo | loomii | masaraftaa,/ˈᶑʊɡóː/,yes,medium,lemon,,,
unit-17-fruit,mango,noun,maangoo,,,no,high,mango,,,
unit-17-fruit,apple,noun,poomii,ilippa | ooddoo | qomaaxee,/ˈpoːmíː/,yes,medium,apple,,,
unit-17-fruit,papaya,noun,paappaayaa,,/ˈpɑːpːɑːjɑ́ː/,yes,high,papaya,,,
unit-17-fruit,pineapple,noun,anaanaasii,,/ɐnɑːnɑːsíː/,yes,high,pineapple,,,
unit-17-fruit,tomato,noun,ajaagaarii,timaatimii | timaatima,/ɐd͡ʒɑːɡɑːríː/,yes,medium,tomato,,,
unit-17-fruit,garlic,noun,qurfoo,qullubbii,/ˈkʼʊrfóː/,no,medium,garlic,,,
unit-17-fruit,cabbage,noun,kaaboolii,yumoo | shaanaa | raatuu | raafuu,/ˈkɑːboːlíː/,no,medium,cabbage,,,
unit-17-fruit,carrot,noun,kaarotii,kaarooti,/ˈkɑːrɔtíː/,no,medium,carrot,,,
unit-17-fruit,pumpkin,noun,dabaaqula,curaa | kululuu | quuxaa,/ˈdɐbɑːkʼʊlɐ/,yes,high,pumpkin,,,
unit-17-fruit,bean,noun,baaqelaa,dafee | hardooma | hephoo | kotoree,/ˈbɑːkʼɛlɑ́ː/,yes,medium,bean,,,
unit-17-fruit,pea,noun,atara,aatoo | haatoo | kajii | ququmsuu,/ɐtɐrɐ/,yes,medium,pea,,,
unit-17-fruit,corn,noun,boqqolloo,deeddee | kijjoo | moshee | oromee,/ˈbɔkʼːɔlːóː/,yes,medium,"corn, maize",,,
unit-17-fruit,wheat,noun,qamadii,dargaa dargaayyee | wandaroo | qaxxee | unkutoo,/ˈkʼɐmɐdíː/,no,high,wheat,,,
unit-17-fruit,sorghum,noun,bulchee,coomee | duphoo | facee | ficaa,/ˈbʊlt͡ʃéː/,yes,low,a kind of sorghum,,,
unit-17-fruit,rice,noun,ruuzii,,,no,high,rice,,,
unit-17-fruit,spinach,noun,qoosxaa,,,no,high,spinach,,,
unit-17-fruit,melon,noun,ugoo,buqqee | habaha,/ʊɡóː/,no,medium,melon,,,
unit-18-cooking,meal,noun,dhi'aan,dhiyeessuu | maaddii | dhiyeeffachuu,/ˈᶑɪʔɑːn/,yes,low,meal table,,,
unit-18-cooking,lunch,noun,dhiyaana,laaqana,/ˈᶑɪjɑːnɐ/,yes,medium,lunch,,,
unit-18-cooking,supper,noun,irbaata,oolchaa | maganfachuu,,no,high,supper,,,
unit-18-cooking,dinner,noun,subaaxa,bulaa | waamuu,/ˈsʊbɑːtʼɐ/,no,high,dinner,,,
unit-18-cooking,stew,noun,waxii,maraqaa | waxuu | duphoo | kollaa,,no,medium,stew,,,
unit-18-cooking,sauce,noun,maashaa,sinaabii | mosollee | cuubata | distii sibiilaa,/ˈmɑːʃɑ́ː/,no,medium,"sauce (of bean, pean)",,,
unit-18-cooking,dough,noun,bukoo,daabbooqoloo | daqqii | baarree | ganaana,/ˈbʊkóː/,yes,high,"dough, batter",,,
unit-18-cooking,juice,noun,cuunfaa,cimmiga | cumaa | cuunfachuu | cuunfuu,/ˈt͡ʃʼuːnfɑ́ː/,yes,medium,juice,,,
unit-18-cooking,beer,noun,biiraa,abshiloo | buqqurii | buttullee | calalii,/ˈbiːrɑ́ː/,yes,high,beer,,,
unit-18-cooking,taste,noun,dhamdhama,qacii | dhandhama | dhandhamchuu | tuttufachuu,/ˈᶑɐmᶑɐmɐ/,yes,medium,taste,,,
unit-18-cooking,cream,noun,qurruu,dibata | quyyifata | saaphaphuu | jalaatii,/ˈkʼʊrːúː/,no,medium,cream,,,
unit-18-cooking,fat,noun,cooma,dummunyii | ridama | tuntunoo | bokoree,/ˈt͡ʃʼoːmɐ/,yes,medium,fat (bodily tissue),,,
unit-18-cooking,broth,noun,koosara,maraqaa,/ˈkoːsɐrɐ/,no,medium,"soup, broth",,,
unit-18-cooking,mash,noun,lanqaxuu,lanqaxsiisuu,/ˈlɐnkʼɐtʼúː/,no,high,"mash, grind wet grain",,,
unit-18-cooking,slice,noun,kakamma'amuu,muraa | baqqana | kartafuu | kutachuu,/ˈkɐkɐmːɐʔɐmúː/,no,medium,slice,,,
unit-18-cooking,loaf,noun,fooggaluu,ishkiruu | cubbuxoo | cumboola | cafaqaa,/ˈfoːɡːɐlúː/,yes,high,loaf,,,
unit-18-cooking,grain,noun,midhaan,abaqii | akaawwii | ashaaroo | awwaaroo,,no,high,grain,,,
unit-18-cooking,husk,noun,quncee,shuqulsiisuu,/ˈkʼʊnt͡ʃʼéː/,no,high,"rind, husk",,,
unit-18-cooking,peel,noun,hophoo,solloqsuu | quncisuu | solloqqee firi | qunca'uu,/ˈhɔpʼóː/,no,medium,"cortex, peel",,,
unit-18-cooking,yeast,noun,rushii,xa'aa | raacitii | xajja'uu,/ˈrʊʃíː/,no,medium,yeast,,,
unit-18-cooking,portion,noun,dirgoo,,/ˈdɪrɡóː/,yes,high,"part, portion",,,
unit-18-cooking,leftovers,noun,hagooqqi,haqoogqachuu | haqooqqachiisuu | haqooqqamuu | haqooquu,/ˈhɐɡoːkʼːɪ/,no,low,cleared leftovers in a dish,,,
unit-18-cooking,feast,noun,qomora,nyaachisa,/ˈkʼɔmɔrɐ/,no,medium,feast,,,
unit-18-cooking,snack,noun,nyaabullee,,/ˈɲɑːbʊlːéː/,no,high,snack,,,
unit-18-cooking,cake,noun,keekii,caabetaa | xessoo,/ˈkeːkíː/,no,high,cake,,,
unit-19-livestock,bull,noun,dibicha,jiblaa | mirgoo | juujuu | abbaa kormaa,/ˈdɪbɪt͡ʃɐ/,yes,medium,bull,,,
unit-19-livestock,lamb,noun,sookkee,xabbootii | xobbaallaa | waga'uu,/ˈsoːkːéː/,no,medium,lamb,,,
unit-19-livestock,mule,noun,yaabbachiisuu,korkodaa | saggaarsisuu | ganyaa | leenjisuu,/ˈjɑːbːɐt͡ʃiːsúː/,no,high,make somebody or something get on a vehicle or horse/ mule,,,
unit-19-livestock,rooster,noun,kormaa,,,no,high,rooster,,,
unit-19-livestock,chick,noun,cuucii,,/ˈt͡ʃʼuːt͡ʃʼíː/,yes,high,"chick, i.e., young chicken.",,,
unit-19-livestock,pig,noun,booyyee,karkarroo | kalaadaa | booyyee gaaraa,/ˈboːjːéː/,yes,medium,"hog, pig, swine",,,
unit-19-livestock,rabbit,noun,hilleensa,illeensa | illeettii | kodhollee,/ˈhɪlːeːnsɐ/,no,medium,"rabbit, hare",,,
unit-19-livestock,herd,noun,tikee,oofsisuu | burrisa | obaa | dachaafamuu,/ˈtɪkéː/,no,high,herd,,,
unit-19-livestock,cattle,noun,loowwan,loon | horii | burrisa | buubaa,/ˈloːwːɐn/,no,medium,cattle,,,
unit-19-livestock,horn,noun,gaafa,foollee | moolaa | koblaa,/ˈɡɑːfɐ/,no,high,horn,,,
unit-19-livestock,hoof,noun,diqdiqii,kottee | many ee,/ˈdɪkʼdɪkʼíː/,yes,low,voice of horses hoof,,,
unit-19-livestock,shepherd,noun,tiksee,tiksuu,/ˈtɪkséː/,no,medium,"herdsman, shepherd,",,,
unit-19-livestock,barn,noun,dallaa loonii,loosaa,/ˈdɐlːɑː loːníː/,yes,high,barn,,,
unit-19-livestock,pasture,noun,kaloo,tikfachuu | tiksuu | kalachuu | kaloo reeroo,,no,medium,"grazing area, pasture, grass",,,
unit-19-livestock,manure,noun,dikee,faltii | caancoo | dikee obeensaa,/ˈdɪkéː/,yes,medium,fertilizer/manure,,,
unit-19-livestock,fodder,noun,soora fardaa,soorata beelladaa,/ˈsoːrɐ fɐrdɑ́ː/,no,medium,fodder (for horse),,,
unit-19-livestock,graze,noun,dheeduu,qorqachuu | qorquu | gadhiisaa | qorqisiisuu,/ˈᶑeːdúː/,yes,high,to graze,,,
unit-19-livestock,kid,noun,mucayyoo,gowwoomsuu | daradii | karsoo,/ˈmʊt͡ʃʼɐjːóː/,no,high,"the child, kid (fem)",,,
unit-19-livestock,ewe,noun,goromtii,haadha hoolaa | hoolaa dhaltuu,/ˈɡɔrɔmtíː/,no,high,ewe,,,
unit-19-livestock,ram,noun,korbeessa,hoolaa korbeessa | tumaalessa | dallaa dawoo | udumuu,/ˈkɔrbeːsːɐ/,no,medium,"ram, billy goat",,,
unit-19-livestock,stallion,noun,sangaa fardaa,,/ˈsɐnɡɑː fɐrdɑ́ː/,no,high,stallion,,,
unit-19-livestock,mare,noun,qalaamaa,qaayya'uu,/ˈkʼɐlɑːmɑ́ː/,no,high,mare,,,
unit-19-livestock,flock,noun,hoomaa jaldeessaa,hoomaa waraanaa,/ˈhoːmɑː d͡ʒɐldeːsːɑ́ː/,no,low,flock of baboon,,,
unit-19-livestock,cage,noun,godoo simbirroo,moggifachuu,/ˈɡɔdoː sɪmbɪrːóː/,no,high,"nest, cage",,,
unit-19-livestock,saddle,noun,kooraa',kooraa | fe'achuu | fe'uu | fe'umsa,/ˈkoːrɑːʔ/,no,medium,saddle (n),,,
unit-20-wild-animals,giraffe,noun,saattawwaa,sattawwaa,/ˈsɑːtːɐwːɑ́ː/,no,medium,giraffe,,,
unit-20-wild-animals,zebra,noun,harre diidoo,harree diidaa,,no,medium,zebra,,,
unit-20-wild-animals,baboon,noun,jaldeessa,jaldoo | jaldeesii | bukumsa | hoomaa jaldeessaa,/ˈd͡ʒɐldeːsːɐ/,no,medium,baboon (Papio anubis),,,
unit-20-wild-animals,antelope,noun,arroolee,qellejjee | biichee | gadamsa | warabboo,/ɐrːoːléː/,yes,medium,antelope,,,
unit-20-wild-animals,gazelle,noun,re'ee diidaa,tirgii,/ˈrɛʔeː diːdɑ́ː/,no,high,gazelle,,,
unit-20-wild-animals,rhinoceros,noun,orseesa,karkaarro | cittaa,/ɔrseːsɐ/,no,medium,rhinoceros,,,
unit-20-wild-animals,hippopotamus,noun,roophii,roobii | jaawwii | cirrii arbaa,/ˈroːpʼíː/,no,medium,hippopotamus,,,
unit-20-wild-animals,crocodile,noun,naacha,,,no,high,crocodile,,,
unit-20-wild-animals,lizard,noun,horonguda,lootuu | qarcoo | qorcoo | qarcabboo,/ˈhɔrɔnɡʊdɐ/,no,medium,lizard,,,
unit-20-wild-animals,frog,noun,fattee,raacha,/ˈfɐtːéː/,yes,medium,frog,,,
unit-20-wild-animals,fox,noun,sardiida,jeedala | jeedala diimtuu | ilmoo sardiida | jeedala fardaa,/ˈsɐrdiːdɐ/,no,medium,fox,,,
unit-20-wild-animals,jackal,noun,wangoo,jeedala | jeedala fardaa,,no,medium,jackal,,,
unit-20-wild-animals,wolf,noun,yeeyyii,jeedala,,no,high,wolf,,,
unit-20-wild-animals,bear,noun,qarabullee,qarambullee | obsuu | amaaqexa | gadhafuu,/ˈkʼɐrɐbʊlːéː/,no,medium,bear,,,
unit-20-wild-animals,deer,noun,gaaftorboo,biichee | gaafa torbo | gadamsa | kal'ee,/ˈɡɑːftɔrbóː/,no,medium,deer,,,
unit-20-wild-animals,porcupine,noun,addee,dhaddee,/ɐdːéː/,yes,medium,porcupine,,,
unit-20-wild-animals,squirrel,noun,osolee,curree,,no,medium,squirrel,,,
unit-20-wild-animals,bat,noun,lilliga,lillixa | liccee | simbira halkanii | arfii raajeffannoo,/ˈlɪlːɪɡɐ/,no,medium,bat,,,
unit-20-wild-animals,rat,noun,antuuta,haantuta | moorree | qaajibbuu | fuliyoo,/ɐntuːtɐ/,no,medium,rat,,,
unit-20-wild-animals,mole,noun,xuqaa,,/ˈtʼʊkʼɑ́ː/,no,high,mole,,,
unit-21-birds,duck,noun,dakiiyyee,daakkiyyee | daakiyyee | dhotii | abroolee,/ˈdɐkiːjːéː/,yes,medium,duck,,,
unit-21-birds,goose,noun,daakkiyyee,daakiyyee,/ˈdɑːkːɪjːéː/,yes,medium,duck,,,
unit-21-birds,dove,noun,himimii,saballiisa | waanee | hamaraa,/ˈhɪmɪmíː/,no,medium,dove,,,
unit-21-birds,pigeon,noun,adarii,kurkuduu | handarii | saphallissa,/ɐdɐríː/,yes,medium,pigeon/turtledove,,,
unit-21-birds,crow,noun,araakoo,quraa | arraagessa | harraageessa | iyyuu,/ɐrɑːkóː/,yes,medium,crow,,,
unit-21-birds,eagle,noun,corofee,risaa | dhagabuusa | haadha gaattoo,/ˈt͡ʃʼɔrɔféː/,yes,medium,eagle,,,
unit-21-birds,hawk,noun,culullee,,/ˈt͡ʃʼʊlʊlːéː/,yes,high,hawk,,,
unit-21-birds,vulture,noun,foggii,ruumicha | dhotii | ondoolessa,/ˈfɔɡːíː/,yes,medium,vulture,,,
unit-21-birds,owl,noun,aadduu,jajjuu | urunguu | uruungguu | hadha onaa,/ɑːdːúː/,yes,medium,owl,,,
unit-21-birds,ostrich,noun,guchii,guuchii | rubboo,/ˈɡʊt͡ʃíː/,no,medium,ostrich,,,
unit-21-birds,stork,noun,haadha qufoo,,/ˈhɑːᶑɐ kʼʊfóː/,no,high,"cormorant, stork",,,
unit-21-birds,parrot,noun,torraa,,/ˈtɔrːɑ́ː/,no,high,parrot,,,
unit-21-birds,sparrow,noun,daalotee,,/ˈdɑːlɔtéː/,yes,high,sparrow,,,
unit-21-birds,swallow,noun,dhudha'uu,liqimsu | unaa | unachuu | dhudhaasisuu,/ˈᶑʊᶑɐʔúː/,yes,medium,to gulp,,,
unit-21-birds,nest,noun,man'ee,mandhee | mana simbiraa | godoo simbirroo,/ˈmɐnʔéː/,no,medium,nest,,,
unit-21-birds,wing,noun,goblaa,gofla | qoochoo | labooba | koochoo,/ˈɡɔblɑ́ː/,no,medium,wing,,,
unit-21-birds,feather,noun,baallee,qoochoo | labooba | guttiyyee | tuuttoo,/ˈbɑːlːéː/,yes,high,feather,,,
unit-21-birds,beak,noun,afaan,aflaaka | uuruu | otongora,/ɐfɑːn/,yes,medium,mouth,,,
unit-21-birds,claw,noun,cifa,anqooquu | anqooqsisuu | boccoquu,/ˈt͡ʃʼɪfɐ/,yes,high,claw (of lion),,,
unit-21-birds,tail,noun,eegee,aliiwaayaa | diboo | kicuu | luuxuu,/eːɡéː/,yes,high,tail,,,
unit-21-birds,flight,noun,barartii,,/ˈbɐrɐrtíː/,yes,high,flight,,,
unit-21-birds,heron,noun,haadha waaqoo,,/ˈhɑːᶑɐ wɑːkʼóː/,no,low,pelican or heron,,,
unit-21-birds,falcon,noun,simbirbuta,hamaraa | buttuu,/ˈsɪmbɪrbʊtɐ/,no,medium,falcon,,,
unit-22-insects,insect,noun,damma daamuu,,/ˈdɐmːɐ dɑːmúː/,yes,low,"underground honey been like insects honey, honey produced by insect like a bee",,,
unit-22-insects,mosquito,noun,biimbii,bookee busaa | hagoobara binbee,/ˈbiːmbíː/,yes,high,mosquito,,,
unit-22-insects,wasp,noun,soonsa,,/ˈsoːnsɐ/,no,low,wasp hornet,,,
unit-22-insects,ant,noun,adeemaa,goondaa | mixii | tuchee | tussee,/ɐdeːmɑ́ː/,yes,medium,ant (euphemistic name),,,
unit-22-insects,termite,noun,rimma,kuyyisa,,no,high,termite,,,
unit-22-insects,spider,noun,aaroo,sarariitii | sharariitii | daara baaftuu | saaphaphuu,/ɑːróː/,yes,medium,spider,,,
unit-22-insects,web,noun,saphaphuu,dirii | dirbadiri | maxansasaphaphuu | saam'ee,/ˈsɐpʼɐpʼúː/,no,medium,"algae or greenish water plant, moss",,,
unit-22-insects,scorpion,noun,torbaan qabaa,,/ˈtɔrbɑːn kʼɐbɑ́ː/,no,high,scorpion,,,
unit-22-insects,butterfly,noun,biillaacha,billaacha | gurdummii,/ˈbiːlːɑːt͡ʃɐ/,yes,medium,butterfly,,,
unit-22-insects,locust,noun,awwaannisa,,/ɐwːɑːnːɪsɐ/,yes,high,locust,,,
unit-22-insects,grasshopper,noun,qorophisa,kuruphisaa | korophiissa | kuruphisa,/ˈkʼɔrɔpʼɪsɐ/,no,medium,grasshopper,,,
unit-22-insects,beetle,noun,boombii budaa,boombii bishaanii | boombii dammaa | boombii sa'aa,/ˈboːmbiː bʊdɑ́ː/,yes,high,beetle (insect with dark wing covers that live wood.),,,
unit-22-insects,worm,noun,raammoo,munyuuqaa | butuchuu | arraabbii | bilii,/ˈrɑːmːóː/,no,medium,"Worm, insects",,,
unit-22-insects,snail,noun,gaafoo,hilqaa | haadha gulgilii | caaccuu,/ˈɡɑːfóː/,no,medium,snail,,,
unit-22-insects,flea,noun,tafkii,,,no,high,flea,,,
unit-22-insects,louse,noun,hijiree,sasa'oo | cinii | hinjojjii | injijjii,/ˈhɪd͡ʒɪréː/,no,medium,louse,,,
unit-22-insects,tick,noun,shilmii,silmii | abshiloo | kaaboo,/ˈʃɪlmíː/,no,medium,tick,,,
unit-22-insects,caterpillar,noun,munyuuqaa,sugee,/ˈmʊɲuːkʼɑ́ː/,no,high,"crawling, cripple, wriggle",,,
unit-22-insects,cricket,noun,kuruphisa,,/ˈkʊrʊpʼɪsɐ/,no,high,"grasshopper, cricket,",,,
unit-22-insects,sting,noun,idduu,hidduu | hiddisiisuu | sonii | waabee,/ɪdːúː/,no,medium,to sting,,,
unit-22-insects,larva,noun,jiisaa,,/ˈd͡ʒiːsɑ́ː/,no,low,larva of honey bee,,,
unit-23-market,market,noun,gabaa,machaara | araadaa | jaldhaaba | kofalee,/ˈɡɐbɑ́ː/,yes,medium,market,,,
unit-23-market,money,noun,maallaqa,qarshii | horoo | afalaamaa | diriidii,/ˈmɑːlːɐkʼɐ/,no,medium,money,,,
unit-23-market,price,noun,qaala'a,dabala gatii | jargii | gati baasuu,/ˈkʼɑːlɐʔɐ/,no,low,expensive of high price,,,
unit-23-market,shop,noun,dukkaana,suuqii | hujaarsa | mana bareedimaa | mana foonii,/ˈdʊkːɑːnɐ/,yes,high,shop,,,
unit-23-market,trade,noun,daldala,daldaluu | nagaduu | daldalachuu | daldalchiisuu,/ˈdɐldɐlɐ/,yes,high,trade,,,
unit-23-market,coin,noun,jannatoo,saantima | dinaara | farankaa | beesaa,/ˈd͡ʒɐnːɐtóː/,no,medium,coin,,,
unit-23-market,silver,noun,meeta,meetii | jannatoo-meetii | madaaliyaa meetii,/ˈmeːtɐ/,no,medium,silver,,,
unit-23-market,gold,noun,sokoo,warqii | warqee | seeqa | dahaaba,/ˈsɔkóː/,no,medium,gold,,,
unit-23-market,change,noun,diddiiruu,jijjiirama | sharafuu | jijjiiruu | deebii,/ˈdɪdːiːrúː/,yes,medium,change,,,
unit-23-market,debt,noun,liqeeffattuu,,/ˈlɪkʼeːfːɐtːúː/,no,low,one who is in debt (fem),,,
unit-23-market,loan,noun,hunjoo,liqaa | liqii | leqeessuu | liqeeffachuu,/ˈhʊnd͡ʒóː/,no,medium,loan,,,
unit-23-market,profit,noun,dhala,akkaa ol buufachuu,/ˈᶑɐlɐ/,yes,high,interest,,,
unit-23-market,loss,noun,hemaa,gaggaba | gachisuu | qarreessuu | irraa bawuu,/ˈhɛmɑ́ː/,no,high,loss,,,
unit-23-market,wealth,noun,badhaadhina,dunyaa | horooma | badhaadha | duniyaa,/ˈbɐᶑɑːᶑɪnɐ/,yes,medium,wealth,,,
unit-23-market,poverty,noun,hiyyummaa,deega | deegabaasuu | agabuu bulaa,,no,medium,poverty,,,
unit-23-market,scale,noun,daansaga,madaalloo | madaallii | gulantaa | madaala,/ˈdɑːnsɐɡɐ/,yes,medium,scale,,,
unit-23-market,weight,noun,ulfina,farasullaa | madaala ulfinaa | meeshaa madaalaa,,no,high,weight,,,
unit-23-market,measure,noun,biikkaa,qebellaa | daawullaa | bikkuu | dhahuu,/ˈbiːkːɑ́ː/,yes,medium,measure,,,
unit-23-market,sack,noun,jooniyyaa,boorsaa | keeshaa | cilgee | dooniyyaa,/ˈd͡ʒoːnɪjːɑ́ː/,no,medium,sack,,,
unit-23-market,customer,noun,maamila,beedee,,no,medium,customer,,,
unit-23-market,goods,noun,mi'a,alergama | dhiquu | meeshaa alergi | meeshaa dhumataa,/ˈmɪʔɐ/,no,high,goods,,,
unit-23-market,work,noun,maa'ii,hujii | qadhaaba | hojjetachuu | ojjechuu,/ˈmɑːʔíː/,no,medium,work,,,
unit-23-market,wage,noun,mindaa,riphaan loluu,/ˈmɪndɑ́ː/,yes,high,wage,,,
unit-23-market,tax,noun,gibira,qaraxa | ashuura | asxeessuu | abbaa galchaa,/ˈɡɪbɪrɐ/,no,medium,tax,,,
unit-23-market,gift,noun,kennaa,baalcha | gonfa | argaa | cirintii,/ˈkɛnːɑ́ː/,yes,medium,talent,,,
unit-24-town,town,noun,magaalaa,jireenya magalaa | bushooftuu | dirgabaa | ammarreessaa,/mɐɡɑːlɑ́ː/,no,high,"city, town, village",,,
unit-24-town,city,noun,magaalaa,dirbojaa | dirmalkee | jijjigaa | handhuura magaalaa,/mɐɡɑːlɑ́ː/,no,high,"city, town, village",,,
unit-24-town,village,noun,baadiyyaa,geerrii | ganda | magaalaa | bulchaagandaa,/ˈbɑːdɪjːɑ́ː/,yes,medium,countryside,,,
unit-24-town,street,noun,machaarree,macharree | rooree | ibsaa daandii,/ˈmɐt͡ʃɑːrːéː/,no,low,back street market,,,
unit-24-town,church,noun,bataskaana,mana amantii | cirintii | qulqulleessummaa | mana kadhannaa,/ˈbɐtɐskɑːnɐ/,yes,high,church,,,
unit-24-town,mosque,noun,masgiida,mana amantii | mana kadhannaa,,no,high,mosque,,,
unit-24-town,office,noun,waajjira,biiroo | mana poostaa,,no,medium,office,,,
unit-24-town,hotel,noun,hoteela,mana ciree,/ˈhɔteːlɐ/,no,high,hotel,,,
unit-24-town,station,noun,buufata,tooya | mana torobbee,/ˈbuːfɐtɐ/,yes,high,station,,,
unit-24-town,bank,noun,baankii,mana baankii | daarii | dibuu | baankii dhiigaa,/ˈbɑːnkíː/,yes,high,bank (financial institution),,,
unit-24-town,post,noun,duubbee,gabbaa | postikaardii | qochoma | kuusa albuudaa,/ˈduːbːéː/,yes,low,post position,,,
unit-24-town,prison,noun,wankii,mana hidhaa | hiukamuu,,no,medium,"prison, jail",,,
unit-24-town,court,noun,dhaddacha,ilaallii | ilaallachuu | mana shanachaa | xaddacha,/ˈᶑɐdːɐt͡ʃɐ/,yes,high,a large tree where laws are enacted or legislated.,,,
unit-24-town,palace,noun,masaraa,,/ˈmɐsɐrɑ́ː/,no,high,palace,,,
unit-24-town,square,noun,arfakkuu,mijjirii | rog afree walqixaa | addabaabayii | saqalaa,/ɐrfɐkːúː/,yes,high,square,,,
unit-24-town,building,noun,kaabii,gamoo | foroorsaa | fooqii | gaawoo,/ˈkɑːbíː/,no,medium,building,,,
unit-24-town,camp,noun,buufachuu,,/ˈbuːfɐt͡ʃúː/,yes,high,camp,,,
unit-24-town,compound,noun,diigala,abaadaa | mirroo | abaada | baaldanee,/ˈdiːɡɐlɐ/,yes,medium,compound,,,
unit-25-travel,journey,noun,deemsa,adeemmii | amna | adeemsa | deemicha,/ˈdeːmsɐ/,yes,medium,"journey, trip, voyage",,,
unit-25-travel,car,noun,makiinaa,faturaa | kaamiyooni | kaaboo | maasdaa,/ˈmɐkiːnɑ́ː/,no,medium,car,,,
unit-25-travel,bus,noun,otobusii,otobisii,/ɔtɔbʊsíː/,no,medium,bus,,,
unit-25-travel,truck,noun,kaamiyooni,,/ˈkɑːmɪjoːnɪ/,no,high,"car, truck",,,
unit-25-travel,bicycle,noun,biskileettii,doqdoqqee,/ˈbɪskɪleːtːíː/,yes,high,bicycle,,,
unit-25-travel,wheel,noun,goloollee,daarota | koryala,/ˈɡɔloːlːéː/,no,high,see 'korboo',,,
unit-25-travel,cart,noun,guurtoo,hoboloo,/ˈɡuːrtóː/,no,low,wooden cart,,,
unit-25-travel,train,noun,baabura,ogoomsuu | leenjisuu | qaroomsuu | barsiifachuu,/ˈbɑːbʊrɐ/,yes,high,train,,,
unit-25-travel,boat,noun,hoboloo,doonii | bidiruu bishaanii | leendhaa,/ˈhɔbɔlóː/,no,medium,cart for transporting crop to threshing floor,,,
unit-25-travel,ship,noun,doonii,firoom | cituu | kaappiteenii doonii,/ˈdoːníː/,yes,high,"ship, boat",,,
unit-25-travel,canoe,noun,bidiruu,,/ˈbɪdɪrúː/,yes,high,canoe,,,
unit-25-travel,ticket,noun,billeettoo,tikkeeta,/ˈbɪlːeːtːóː/,yes,medium,ticket,,,
unit-25-travel,passenger,noun,imalla,kara deema,,no,high,passenger,,,
unit-25-travel,distance,noun,fageenya,taakkuu,/ˈfɐɡeːɲɐ/,yes,high,distance,,,
unit-25-travel,direction,noun,kallattii,qixa | addeela | itti- | galagalchaa,/ˈkɐlːɐtːíː/,no,medium,direction,,,
unit-25-travel,map,noun,maappii,,,no,high,map,,,
unit-25-travel,speed,noun,saffisa,guulaa,/ˈsɐfːɪsɐ/,no,high,"rate, speed",,,
unit-25-travel,stop,noun,iggituu,kutuu | cuqqaallaa | dhaabbannaa | xiixaa,/ɪɡːɪtúː/,no,medium,to stop,,,
unit-25-travel,departure,noun,galaalcha,,/ˈɡɐlɑːlt͡ʃɐ/,no,high,linger/delay/ departure,,,
unit-26-work,farmer,noun,qottuu,haraashi | qotataa | qonnaan jiraata | kaannisa horsiistuu,/ˈkʼɔtːúː/,no,medium,farmer,,,
unit-26-work,soldier,noun,loltuu,koromtoo | duultuu,/ˈlɔltúː/,no,medium,"soldier, fighter",,,
unit-26-work,police,noun,poolisii,ceebiraa | rugtorobbee | mana torobbee,/ˈpoːlɪsíː/,yes,high,police,,,
unit-26-work,judge,noun,abboommii,abbaa seeraa,/ɐbːoːmːíː/,yes,high,"order, command, judge",,,
unit-26-work,king,noun,mootii,kuyyisa | moosisuu | mootomuu,/ˈmoːtíː/,no,high,"king, leader king",,,
unit-26-work,queen,noun,mootittii,saakayyoo | haadha manaa mootii,/ˈmoːtɪtːíː/,no,high,queen,,,
unit-26-work,chief,noun,durayyeessa,hogganaa | luboo | abbagaar | abbaa gandaa,/ˈdʊrɐjːeːsːɐ/,yes,medium,"chief, head",,,
unit-26-work,servant,noun,faanshoo,tajaajilaa | hojetaa | waaqoo | ayyaantuu,/ˈfɑːnʃóː/,yes,high,servant,,,
unit-26-work,guard,noun,eeggannaa,tiksaa | eeguu | baadhee | diroo,/eːɡːɐnːɑ́ː/,yes,medium,"guard, care",,,
unit-26-work,fisherman,noun,kiilobaa,,/ˈkiːlɔbɑ́ː/,no,high,fisherman,,,
unit-26-work,blacksmith,noun,tumtuu,tumaa,,no,medium,blacksmith,,,
unit-26-work,carpenter,noun,anaaxii,fugaa | ogeessa mukaa,/ɐnɑːtʼíː/,yes,medium,carpenter,,,
unit-26-work,tailor,noun,hodhituu wayaa,,/ˈhɔᶑɪtuː wɐjɑ́ː/,no,high,tailor,,,
unit-26-work,weaver,noun,hayaaktuu,,/ˈhɐjɑːktúː/,no,high,"weaver, loom",,,
unit-26-work,potter,noun,aaddoo,suphee dhooftuu | fugaa,/ɑːdːóː/,yes,high,potter,,,
unit-26-work,singer,noun,weeddiftuu,weeddisaa | sirbituu,/ˈweːdːɪftúː/,no,medium,singer (fem),,,
unit-26-work,priest,noun,qeesii,luboo | daaqonii | luboomsuu,/ˈkʼeːsíː/,no,medium,priest,,,
unit-26-work,leader,noun,geggeessaa,hogganaa | booyira | dabbeela | dhayinoo,,no,medium,leader,,,
unit-26-work,helper,noun,gargaaraa,abbaa iyyeessaa | haadha hiyyeessa,/ˈɡɐrɡɑːrɑ́ː/,no,high,index finger,,,
unit-26-work,worker,noun,dalagduu,ojjetaa,/ˈdɐlɐɡdúː/,yes,medium,worker (female),,,
unit-26-work,cook,noun,affeeluu,bilcheessisuu | affeelchisuu | bilcheeffachuu | bilcheessuu,/ɐfːeːlúː/,yes,medium,to cook,,,
unit-26-work,baker,noun,tolchituu,,/ˈtɔlt͡ʃɪtúː/,no,high,"baker, maker",,,
unit-27-tools,tool,noun,buttoo,soofuu | kukkuttuu | gadiitoo | qugqurxaa,/ˈbʊtːóː/,yes,low,tool used to clear forest,,,
unit-27-tools,axe,noun,qottoo,dongora | faasii | fal'aatuu | fottoysituu,,no,high,"axe, hatchet",,,
unit-27-tools,hoe,noun,caqii,jembee | cakii | shuqunuu | caqee,/ˈt͡ʃʼɐkʼíː/,yes,medium,hoe,,,
unit-27-tools,rope,noun,funyoo,finyoo | foo'aa | haada | tushaa,/ˈfʊɲóː/,yes,medium,rope,,,
unit-27-tools,string,noun,siibaagoo,diruu | masanqoo | ribuu | xamboo,,no,high,string,,,
unit-27-tools,hammer,noun,burruusa,madooshaa,/ˈbʊrːuːsɐ/,yes,medium,hammer,,,
unit-27-tools,saw,noun,ilkaliila,seeruu | jiima-gordannaa,/ɪlkɐliːlɐ/,no,high,saw,,,
unit-27-tools,stick,noun,ulee,qabata | liccee | hapheeffamuu | satimuu,/ʔʊˈléː/,no,medium,stick,,,
unit-27-tools,spear,noun,eeboo,bashir | cokoo | faccee | jinfuu,/eːbóː/,yes,high,spear,,,
unit-27-tools,bow,noun,hiddaa,gugguutuu | dagaanii | futaasoo | halgata,/ˈhɪdːɑ́ː/,no,high,bow,,,
unit-27-tools,arrow,noun,xiiyyoo,xiyyaa | futaasoo,/ˈtʼiːjːóː/,no,medium,arrow,,,
unit-27-tools,shield,noun,gaachana,gachana | wantee | golboobuu,/ˈɡɑːt͡ʃɐnɐ/,no,medium,shield,,,
unit-27-tools,gun,noun,qawwee,albeenii | beeljigii | naasii | wacafoo,,no,high,gun (usually musket or rifle),,,
unit-27-tools,net,noun,mattangoo,saaphana | marayoo | binnoo | kiyyoo,/ˈmɐtːɐnɡóː/,no,medium,net (of fishing),,,
unit-27-tools,trap,noun,kilooba,meendo | mendoo | kiyyoo | qamaaxirii,/ˈkɪloːbɐ/,no,medium,trap (of fish),,,
unit-27-tools,plough,noun,sibbattii,tattaraaruu | qotuu | ciqirtii | dhiitaa,/ˈsɪbːɐtːíː/,no,high,plough,,,
unit-27-tools,yoke,noun,waanjoo,camaduu | xamaduu | cimdii | daagi,/ˈwɑːnd͡ʒóː/,no,medium,yoke,,,
unit-27-tools,iron,noun,sibiila,sibiilaa | kaawuyyaa | distii sibiilaa | eelee sibiilaa,/ˈsɪbiːlɐ/,no,medium,iron,,,
unit-27-tools,metal,noun,sibiila,distii | hankaassee | jinfuu | maddaa,/ˈsɪbiːlɐ/,no,high,iron,,,
unit-27-tools,glass,noun,fullee,burcuqqoo | callee | abooree | buurana,/ˈfʊlːéː/,yes,medium,glass (material),,,
unit-27-tools,clay,noun,suphee,faaraa | caabitaa | keyifa | maarashoo,,no,medium,clay,,,
unit-27-tools,leather,noun,gogaa,adoolaa | akorbashii | anqalbaa | bonkoo,,no,high,"hide, pelt",,,
unit-27-tools,plastic,noun,koongoo,kokii laastikii,/ˈkoːnɡóː/,no,low,a shoe made up of plastic,,,
unit-28-culture,music,noun,muuziqaa,hawwisoo | kiraar,/ˈmuːzɪkʼɑ́ː/,no,high,music,,,
unit-28-culture,drum,noun,dibbee,dhibbisaa | didibbisa | goonoo | nagaarita,/ˈdɪbːéː/,yes,high,drum,,,
unit-28-culture,flute,noun,ululloo,uluullee | raambaa,/ʊlʊlːóː/,no,medium,flute,,,
unit-28-culture,dance,noun,daalala,dallala | hurruuba | shubbisa | dhiichisa,/ˈdɑːlɐlɐ/,yes,medium,dance,,,
unit-28-culture,riddle,noun,hibboo,hiibboo,/ˈhɪbːóː/,no,medium,riddle,,,
unit-28-culture,proverb,noun,mammaaksa,mammaakuu,/mɐmˈmɑ́ːksɐ/,no,high,"adage, proverb, saying",,,
unit-28-culture,poem,noun,mirriigsa,walaloo | mirriiqsuu | rumaanii | walaleessuu,/ˈmɪrːiːɡsɐ/,no,medium,poem,,,
unit-28-culture,wedding,noun,cidha,hacamooyyaa | waa'ela | gurguboo | aayyo aabbo,/ˈt͡ʃʼɪᶑɐ/,yes,high,wedding,,,
unit-28-culture,funeral,noun,du'a ga'ii,sirna awwaalaa | sirna awaalaa | adeemsa awwaalaa | sirna awwaalchaa,/ˈdʊʔɐ ɡɐʔíː/,yes,medium,funeral,,,
unit-28-culture,ceremony,noun,aadee,daaccii | fooqa | barcaa | irreecha,/ɑːdéː/,yes,low,tree used during a ritual ceremony called 'Ateetee',,,
unit-28-culture,blessing,noun,eebba,ammachiisa | nagaroo | mijuu | saayyee,/eːbːɐ/,yes,medium,blessing,,,
unit-28-culture,prayer,noun,sagada,kadhata | xu'aara | masqaleeffachuu,/ˈsɐɡɐdɐ/,no,medium,prayer,,,
unit-28-culture,god,noun,aseelloo,Waaqayyo | waaqa | Waaqa | awuliyaa,/ɐseːlːóː/,yes,medium,god,,,
unit-28-culture,spirit,noun,ayyaana,afuura | hafuuroo | karaamaa | awaayii,/ɐjːɑːnɐ/,yes,medium,spirit,,,
unit-28-culture,custom,noun,barsiifata,aadaa | dambii | duudhaa | akka qabaachuu,/ˈbɐrsiːfɐtɐ/,yes,medium,custom,,,
unit-28-culture,tradition,noun,barmoota,jifuu | duudhaa | furii | muka abbaa,/ˈbɐrmoːtɐ/,yes,medium,see 'barmoota',,,
unit-28-culture,clan,noun,birkii,habeebee | guduruu | jaawwii | hariiroo qomoo,/ˈbɪrkíː/,yes,high,"coercion, force",,,
unit-28-culture,elder,noun,jaarsa,abbabbaa | cirintii | aayyaa | hangafummaa,/ˈd͡ʒɑːrsɐ/,no,high,"elderly, elder",,,
unit-28-culture,holiday,noun,ayyaana waggaa,guyyaa ayyaanaa | jaaloo | giixoo | ayyaaneffachuu,/ɐjːɑːnɐ wɐɡːɑ́ː/,yes,medium,holiday,,,
unit-29-verbs-move,jump,verb,korophisuu,qorophisuu | xarrisuu | utaaluu | finqiluu,/ˈkɔrɔpʼɪsúː/,no,medium,to jump,,,
unit-29-verbs-move,climb,verb,yaabuu,irra koruu | ol ba'uu | irra ba'uu | yaabbe huu,/ˈjɑːbúː/,no,medium,"climb, be on something.",,,
unit-29-verbs-move,fall,verb,bubuusuu,lixuu | jiguu | mittiquu | birraa,/ˈbʊbuːsúː/,yes,medium,"drop, fall, get off",,,
unit-29-verbs-move,lie,verb,hofonfoluu,sobuu | kijibuu | soba | kijiba,/ˈhɔfɔnfɔlúː/,no,medium,to lie,,,
unit-29-verbs-move,enter,verb,galuu,duuduu | lixuu | seenuu | seensisiifachuu,,no,medium,to enter,,,
unit-29-verbs-move,leave,verb,baatuu,gachisuu | dhiisuu | hambisiisuu | oochisuu,/ˈbɑːtúː/,yes,high,to leave,,,
unit-29-verbs-move,return,verb,deebi'uu,deebisuu | itti deebi'uu | barakatii | dugda baafachuu,/ˈdeːbɪʔúː/,yes,medium,"to come back, return",,,
unit-29-verbs-move,arrive,verb,gahuu,qaqqabachiisuu | qaqqabachuu | qaxxisa,/ˈɡɐhúː/,no,high,"reach, arrive",,,
unit-29-verbs-move,follow,verb,jaladeemuu,hordofuu | aansuu | faanadhahuu | faana bu'uu,/ˈd͡ʒɐlɐdeːmúː/,no,medium,follow,,,
unit-29-verbs-move,flee,verb,baqachuu,baqachiisuu,/ˈbɐkʼɐt͡ʃúː/,yes,high,"to flee, run away",,,
unit-29-verbs-move,carry,verb,baacuu,baachuu | baachifachuu | baachisiisuu | baattachuu,/ˈbɑːt͡ʃʼúː/,yes,medium,to carry,,,
unit-29-verbs-move,bring,verb,fiduu,deebifachuu | fichisisuu | dachaasuu | dhiyeeffachuu,/ˈfɪdúː/,yes,high,to bring,,,
unit-29-verbs-move,send,verb,erguu,dhaammachuu | dhamsachuu | ergachuu | futta'uu,/ɛrɡúː/,yes,high,to send,,,
unit-29-verbs-move,push,verb,dhiibuu,jifachuu | ha'iisa | dhiibbachuu | qooqqifachuu,/ˈᶑiːbúː/,yes,high,to push,,,
unit-29-verbs-move,pull,verb,harkifachuu,harkisuu | arkisiisuu | baaragguu | harkisiisuu,/ˈhɐrkɪfɐt͡ʃúː/,no,medium,draw/pull (for one's self),,,
unit-29-verbs-move,turn,verb,dabaree,hinkoo | darabee | inkoo | deebisisuu,/ˈdɐbɐréː/,yes,medium,turn,,,
unit-29-verbs-move,cross,verb,cehuu,dallansisuu | ceesifamuu | ceesiftuu | ceesisuu,/ˈt͡ʃʼɛhúː/,yes,medium,"to cross, go across some thing",,,
unit-29-verbs-move,swim,verb,dakuu,daakuu | haphaluu | killa lixuu,/ˈdɐkúː/,yes,medium,to swim,,,
unit-29-verbs-move,ride,verb,gulufuu,uddeellataa,/ˈɡʊlʊfúː/,no,high,ride,,,
unit-29-verbs-move,pass,verb,dabruu,darbuu | ce'achuu | ceesifamuu | dawwaruu,/ˈdɐbrúː/,yes,medium,to pass,,,
unit-29-verbs-move,wait,verb,afachuu,dukkaneefachuu | eeggachuu | dhiisifachuu | ganameeffachuu,/ɐfɐt͡ʃúː/,yes,high,to wait,,,
unit-29-verbs-move,hurry,verb,ariifachuu,dafuu | nafa'uu | jarjarsuu | sardamuu,/ɐriːfɐt͡ʃúː/,yes,medium,to hurry,,,
unit-29-verbs-move,travel,verb,imaltuu,,/ɪmɐltúː/,no,low,tourist,,,
unit-29-verbs-move,crawl,verb,daaddisuu,loohuu | loowuu | munyuuquu | daa' imuu,/ˈdɑːdːɪsúː/,yes,medium,"to toddle, to crawl",,,
unit-30-verbs-speak,say,verb,jechuu,jedhuu | baanuu | ja'uu | farrisiisuu,/ˈd͡ʒɛt͡ʃúː/,no,medium,say,,,
unit-30-verbs-speak,tell,verb,itti himuu,himmitee | himsiifachuu | maallimuu | mammaakamuu,/ɪtːɪ hɪmúː/,no,medium,tell,,,
unit-30-verbs-speak,ask,verb,gaafachuu,iyyaafachuu | qorqoruu | iyyachuu | hawwachuu,,no,high,"to ask, inquire",,,
unit-30-verbs-speak,call,verb,waammachuu,waamsifachuu | waamsisuu | yaammachuu | awwaachuu,/ˈwɑːmːɐt͡ʃúː/,no,low,to call for oneself,,,
unit-30-verbs-speak,shout,verb,oo'uu,iyyuu | gadooduu | caraansiisuu | dutuu,/oːʔúː/,no,medium,shout,,,
unit-30-verbs-speak,whisper,verb,hasaasuu,asaasuu | asaasa | hasaasa | husuu,/ˈhɐsɑːsúː/,no,medium,to whisper,,,
unit-30-verbs-speak,sing,verb,alalaasuu,geeraruu | mikkiruu | weeddisuu | wallisuu,/ɐlɐlɑːsúː/,yes,medium,to sing,,,
unit-30-verbs-speak,think,verb,yaaduu,abbaluu | abbala | abuurrachuu | ajjamsisuu,,no,medium,to think,,,
unit-30-verbs-speak,know,verb,beekuu,qorqoruu | walbeekuu | wallaalchiisuu | wallaaluu,/ˈbeːkúː/,yes,high,to know,,,
unit-30-verbs-speak,understand,verb,hubachuu,dhamdhamsiisuu | hubatamuu,,no,high,to understand,,,
unit-30-verbs-speak,remember,verb,yaadachuu,yaaddachiisuu,,no,medium,to remember,,,
unit-30-verbs-speak,forget,verb,dagachuu,irraanfachuu | daguu | irraanfachiisuu | ofdagachuu,/ˈdɐɡɐt͡ʃúː/,yes,medium,to forget,,,
unit-30-verbs-speak,learn,verb,baruu,barachuu,/ˈbɐrúː/,yes,medium,to learn,,,
unit-30-verbs-speak,teach,verb,qaraasisuu,barsiifachuu,/ˈkʼɐrɑːsɪsúː/,no,high,to teach,,,
unit-30-verbs-speak,believe,verb,amanuu,,/ɐmɐnúː/,yes,high,to believe,,,
unit-30-verbs-speak,want,verb,fedhuu,soroobuu | soqachuu,/ˈfɛᶑúː/,yes,medium,"to want, desire, wish",,,
unit-30-verbs-speak,hope,verb,abdii,herreegachuu | abdachiisuu | abdataa | irraa bawuu,/ɐbdíː/,yes,medium,hope,,,
unit-30-verbs-speak,fear,verb,sodaa,onnee dhabuu | bir'achuu | sodaachisuu | sodaachuu,,no,medium,fear,,,
unit-30-verbs-speak,love,verb,jaalachuu,jaalala | marartoo | jaalachiisuu | jaalatamuu,,no,medium,"to love, like",,,
unit-30-verbs-speak,hate,verb,falquu,balfachuu | jibba | waljibbuu,/ˈfɐlkʼúː/,yes,medium,to hate,,,
unit-30-verbs-speak,decide,verb,murteessuu,mursisuu | murtoomfachuu | murachuu | murteessisuu,,no,high,to decide,,,
unit-30-verbs-speak,promise,verb,abdachiisuu,hirbuu | waadaa | wareega | ahadii,/ɐbdɐt͡ʃiːsúː/,yes,medium,"to give hope, promise",,,
unit-30-verbs-speak,greet,verb,dubbisuu,simuu | waldubbisuu,/ˈdʊbːɪsúː/,yes,high,to greet,,,
unit-30-verbs-speak,thank,verb,galateeffachuu,galateeffachiisuu | nibaruu,/ˈɡɐlɐteːfːɐt͡ʃúː/,no,high,to thank,,,
unit-30-verbs-speak,pray,verb,hoqobuu,kadhachuu | sagaduu | salaata | irreefachiisuu,/ˈhɔkʼɔbúː/,no,medium,to pray,,,
unit-31-verbs-hands,take,verb,fuuchuu,fuudhuu | baafachiisuu | bu'achuu | fudhachiisuu,/ˈfuːt͡ʃúː/,yes,medium,take,,,
unit-31-verbs-hands,give,verb,kennuu,arjoomuu | da'uu | badhaasisuu | dahuu,,no,medium,to give,,,
unit-31-verbs-hands,hold,verb,danda'uu,cichuu | olqabuu | aalachuu | qabachuu,/ˈdɐndɐʔúː/,yes,high,be able to do something can.,,,
unit-31-verbs-hands,put,verb,keeyyachuu,kaa'uu | ol kaa'uu | aaneffachuu | aanfachuu,/ˈkeːjːɐt͡ʃúː/,no,medium,"put, save",,,
unit-31-verbs-hands,open,verb,banuu,saaquu | waltajjii | saaqsisuu | tatarsaasuu,/ˈbɐ́nuː/,yes,medium,to open,,,
unit-31-verbs-hands,close,verb,cufuu,cufachuu | duuchachuu | aanfachuu | cufsisuu,/ˈt͡ʃʼʊfúː/,yes,medium,"to close, shut",,,
unit-31-verbs-hands,tie,verb,guduumfachuu,hidhachuu | hidhuu | itti hidhuu | agaaduu,/ˈɡʊduːmfɐt͡ʃúː/,no,medium,"to tie, laster",,,
unit-31-verbs-hands,cut,verb,cirachuu,ciruu | seerrachuu | muruu | baqaqsuu,/ˈt͡ʃʼɪrɐt͡ʃúː/,yes,medium,to cut,,,
unit-31-verbs-hands,break,verb,leenjisiisuu,qurxuu | boqachuu | caaccabsuu | caccabsuu,/ˈleːnd͡ʒɪsiːsúː/,no,medium,"cause to rain, to break",,,
unit-31-verbs-hands,build,verb,jaaruu,ijaaruu | kaabuu | araaressuu | calaansa,/ˈd͡ʒɑːrúː/,no,medium,become old,,,
unit-31-verbs-hands,make,verb,aramsisuu,dhangaggeessuu | dhoqqeessuu | fashaleessuu | fuunfachiisuu,/ɐrɐmsɪsúː/,yes,medium,make/cause to weed,,,
unit-31-verbs-hands,dig,verb,qofforuu,soquu | akaaffii | akaafachuu | akaafuu,/ˈkʼɔfːɔrúː/,no,medium,dig,,,
unit-31-verbs-hands,sow,verb,facaasisuu,facaasuu | facaafachuu | facaafataa,/ˈfɐt͡ʃʼɑːsɪsúː/,yes,low,to make somebody sow,,,
unit-31-verbs-hands,harvest,verb,kassabuu,haammachuu | haamuu | makara | makarachuu,,no,medium,to harvest,,,
unit-31-verbs-hands,grind,verb,gogordamuu,bulleeffamuu | daakkachuu | daaksisuu | bulleesisuu,/ˈɡɔɡɔrdɐmúː/,no,high,"to chew, grind",,,
unit-31-verbs-hands,pound,verb,dallaquu,fiddigsiisuu | fiddiguu | tumachuu | cafaquu,/ˈdɐlːɐkʼúː/,yes,low,pound or beat to a powder,,,
unit-31-verbs-hands,sew,verb,hodhuu,hodhisiifachuu | hodhachuu | hodhisiifata,,no,high,to sew,,,
unit-31-verbs-hands,weave,verb,dhahuu,dhawuu | dhoofsisuu | dhayuu | dha'achuu,/ˈᶑɐhúː/,yes,medium,"beat, kick",,,
unit-31-verbs-hands,wash,verb,cafaccafuu,dhiqam biyyee | dhiquu | lamboobuu | miiccachuu,/ˈt͡ʃʼɐfɐt͡ʃʼːɐfúː/,yes,high,to wash,,,
unit-31-verbs-hands,sweep,verb,haxaawuu,ungulaallii | qulqulleessuu | harsifachuu | harsisuu,/ˈhɐtʼɑːwúː/,no,medium,"sweep, clean",,,
unit-31-verbs-hands,bake,verb,tolchuu,tolfachuu | bixxilachiisuu | maxinachuu | maxinsifachuu,/ˈtɔlt͡ʃúː/,no,medium,"to make, prepare",,,
unit-31-verbs-hands,boil,verb,affeellachuu,danfuu | bilcheeffachuu | bilcheessuu | daffifamuu,/ɐfːeːlːɐt͡ʃúː/,yes,medium,to boil (for one self),,,
unit-31-verbs-hands,fill,verb,guutuu,duuchifamuu | duuchisiisuu | guuchisiifachuu | guuchisiisuu,,no,high,to fill,,,
unit-31-verbs-hands,pour,verb,dhangala'uu,qicachuu | qicuu | buufachuu | naqachuu,/ˈᶑɐnɡɐlɐʔúː/,yes,medium,to pour,,,
unit-31-verbs-hands,throw,verb,darbachuu,a'uu | darbachiisuu | furrisuu | daddarbuu,/ˈdɐrbɐt͡ʃúː/,yes,medium,to throw,,,
unit-32-verbs-body,wake,verb,dammaquu,dammaqsuu | hulmaa bawuu,/ˈdɐmːɐkʼúː/,yes,low,to wake up (intransitive),,,
unit-32-verbs-body,listen,verb,dhaggeeffachuu,dhageeffachuu | dhaggeeffatamuu | jalaa qabuu,/ˈᶑɐɡːeːfːɐt͡ʃúː/,yes,medium,to listen,,,
unit-32-verbs-body,smell,verb,suurrachuu,fuunfachuu | suufuu | foolii | ciincaa,/ˈsuːrːɐt͡ʃúː/,no,medium,smell,,,
unit-32-verbs-body,touch,verb,xuquu,tuquu | tuqsisuu | tuttuquu | qaqqabaa,/ˈtʼʊkʼúː/,no,medium,touch,,,
unit-32-verbs-body,feel,verb,ceemma'uu,dhaamochuu | dukukuu | hafuursuu | mararsiifachuu,/ˈt͡ʃʼeːmːɐʔúː/,yes,low,being hesitant,,,
unit-32-verbs-body,breathe,verb,hafuura baafachuu,afuura baasuu,/ˈhɐfuːrɐ bɑːfɐt͡ʃúː/,no,high,breathe,,,
unit-32-verbs-body,bite,verb,ciniinuu,cininnachuu | hamachuu | hiddisiisuu | maqaa dhawuu,/ˈt͡ʃʼɪniːnúː/,yes,medium,to bite,,,
unit-32-verbs-body,chew,verb,alaanfachuu,alanfachuu | qamahuu | gogordamuu | alanfachiisuu,/ɐlɑːnfɐt͡ʃúː/,yes,medium,chew,,,
unit-32-verbs-body,spit,verb,tufuu,akkifata | aakkii | aakkifachuu | bulgaafachuu,,no,medium,to spit,,,
unit-32-verbs-body,bathe,verb,qaqqaammachuu,,/ˈkʼɐkʼːɑːmːɐt͡ʃúː/,no,low,warm oneself by fire sun- bathe,,,
unit-32-verbs-body,rest,verb,aaragalfachuu,bayyanachuu | boqonnaa | qabbaneeffannaa | hobbaafannaa,/ɑːrɐɡɐlfɐt͡ʃúː/,yes,medium,to rest,,,
unit-32-verbs-body,die,verb,du'uu,cichuu | biyyee nyaachuu | biliqjechuu | gamuu,/ˈdʊʔúː/,yes,medium,to die,,,
unit-32-verbs-body,grow,verb,biqiluu,marguu | dagaagsisuu | dargaggoomuu | dagaaguu,/ˈbɪkʼɪlúː/,yes,medium,"grow, geminate/sprout",,,
unit-32-verbs-body,heal,verb,dhinuu,,/ˈᶑɪnúː/,yes,low,recover heal,,,
unit-32-verbs-body,yawn,verb,hamuummachuu,hamuummaa | hamuummachisuu,/ˈhɐmuːmːɐt͡ʃúː/,no,high,to yawn (self),,,
unit-32-verbs-body,blink,verb,qisuu,biliqisuu | libsachuu | libsuu | billiqa,/ˈkʼɪsúː/,no,medium,to blink,,,
unit-32-verbs-body,shiver,verb,hollachuu,kerkersuu | ollachuu | roqomuu | hollachiisuu,/ˈhɔlːɐt͡ʃúː/,no,medium,to shiver,,,
unit-32-verbs-body,sweat,verb,dafquu,dafqa | dafqisiisuu,/ˈdɐfkʼúː/,yes,high,to sweat,,,
unit-32-verbs-body,tremble,verb,rom'uu,suuka'uu,/ˈrɔmʔúː/,no,low,to shiver or tremble,,,
unit-32-verbs-body,kneel,verb,jilbeenfachisuu,jilbeeffachiisuu,/ˈd͡ʒɪlbeːnfɐt͡ʃɪsúː/,no,low,cause to kneel down,,,
unit-32-verbs-body,bend,verb,dabsuu,gonboobuu | dhommoysuu | duufuu | hookkessuu,/ˈdɐbsúː/,yes,medium,bend,,,
unit-32-verbs-body,stretch,verb,dhifachuu,dhisuu | diriirfachiisuu | diriirfachuu | diriirsuu,/ˈᶑɪfɐt͡ʃúː/,yes,low,stretch pleat or skin of animals,,,
unit-32-verbs-body,swell,verb,orbobbeechuu,xiillawuu | dhiitessuu | digaluu | furfuuruu,/ɔrbɔbːeːt͡ʃúː/,no,medium,to swell,,,
unit-32-verbs-body,bleed,verb,dhiiguu,dhiigsuu | funuunsuu | funuunuu | funuuna,/ˈᶑiːɡúː/,yes,high,to bleed,,,
unit-32-verbs-body,faint,verb,gaggabuu,gageabdoo | gaggaba | gaggabsuu | yeela'uu,/ˈɡɐɡːɐbúː/,no,medium,"tingle, faint",,,
unit-33-verbs-daily,help,verb,deeggersiisuu,deeggeruu | faduu | hirbuu | hirphuu,/ˈdeːɡːɛrsiːsúː/,yes,medium,cause to support/help,,,
unit-33-verbs-daily,buy,verb,bituu,bitachuu | bichiisuu | daara bawuu | gati baasuu,/ˈbɪtúː/,yes,high,to buy,,,
unit-33-verbs-daily,sell,verb,gurgurachuu,gurguruu | makarachuu | nadiyyuu | qexuu,/ˈɡʊrɡʊrɐt͡ʃúː/,no,medium,sell,,,
unit-33-verbs-daily,pay,verb,kaffaluu,gabbaruu | kaffaltii | kafalachuu | kaffalsiisuu,,no,medium,to pay,,,
unit-33-verbs-daily,borrow,verb,ergifachuu,liqeeffachiisuu,/ɛrɡɪfɐt͡ʃúː/,yes,high,to borrow (for oneself),,,
unit-33-verbs-daily,lend,verb,ergisuu,ergisiisuu,/ɛrɡɪsúː/,yes,high,to lend (not money),,,
unit-33-verbs-daily,keep,verb,hambisuu,danquu | icciteessuu | adabachuu | dibaa,,no,high,"to save, keep",,,
unit-33-verbs-daily,find,verb,argachuu,ijibbachuu | dhabuu,/ɐrɡɐt͡ʃúː/,yes,high,to find,,,
unit-33-verbs-daily,lose,verb,gatuu,mo amuu | gawwaa'uu | lajooja'uu | teemma'uu,/ˈɡɐtúː/,no,medium,"throw away, lose",,,
unit-33-verbs-daily,search,verb,findiguu,qocachuu | sakatta'a | soqa | barbaachifachuu,/ˈfɪndɪɡúː/,yes,medium,"to search, to cultivate",,,
unit-33-verbs-daily,choose,verb,filuu,filachuu,/ˈfɪlúː/,yes,medium,to choose,,,
unit-33-verbs-daily,share,verb,addaanfudhachuu,hiruu | qooddamuu | qooduu | qooda,/ɐdːɑːnfʊᶑɐt͡ʃúː/,yes,medium,"share, take one share",,,
unit-33-verbs-daily,divide,verb,maddarruu,hiruu | qooduu | walqooduu | hirmaannaa,/ˈmɐdːɐrːúː/,no,medium,divide,,,
unit-33-verbs-daily,add,verb,dabaluu,ida'uu | itti dabaluu | dabalchiisuu | dabalachuu,/ˈdɐbɐlúː/,yes,high,to include,,,
unit-33-verbs-daily,begin,verb,eegaluu,calqabuu | jalqabuu | damma'uu | gadhafuu,/eːɡɐlúː/,yes,medium,"to start, begin",,,
unit-33-verbs-daily,finish,verb,fixuu,fixaanbaafachuu | cophsuu | raawwachuu | qadaaduu,/ˈfɪtʼúː/,yes,medium,to finish,,,
unit-33-verbs-daily,try,verb,carraaquu,badaduu | yaaluu | carraaqsisuu | safarachuu,/ˈt͡ʃʼɐrːɑːkʼúː/,yes,medium,strive/work hard,,,
unit-33-verbs-daily,use,verb,fayyadamuu,dantaa | faayidaa | duguuguu | ciqilfachuu,/ˈfɐjːɐdɐmúː/,yes,high,to use,,,
unit-33-verbs-daily,need,verb,barbaaduu,feesisuu | walfechuu | ergaramuu | hawwisiisuu,/ˈbɐrbɑːdúː/,yes,high,to need,,,
unit-33-verbs-daily,show,verb,agarsiisuu,doo'ii | dura qabuu | ilaalchisuu | agarsiisa,/ɐɡɐrsiːsúː/,yes,medium,"to show, indicate",,,
unit-33-verbs-daily,hide,verb,dhoksuu,aguuguu | awwaaluu | dhokfachuu | okachuu,/ˈᶑɔksúː/,yes,medium,hide,,,
unit-33-verbs-daily,meet,verb,walqunnamuu,sabsbamuu | foondirraa | qoollifachuu | itti ba'uu,/ˈwɐlkʼʊnːɐmúː/,no,high,"come to see each other, meet",,,
unit-33-verbs-daily,visit,verb,daaw'achuu,doowwachuu | doo'ii | doowwannaa | walgaafachuu,/ˈdɑːwʔɐt͡ʃúː/,yes,medium,to visit,,,
unit-33-verbs-daily,live,verb,jiraachuu,le'uu | itti jiraachuu | ababuu | walitti deebi'uu,/ˈd͡ʒɪrɑːt͡ʃúː/,no,medium,to live,,,
unit-33-verbs-daily,stay,verb,turuu,hafuu | bushuu | dhiisifachuu | dibamuu,,no,medium,to stay,,,
unit-34-adjectives,young,adj,bombaatuu,jibicha | qacalee | buchillaa | bukurattii,/ˈbɔmbɑːtúː/,yes,medium,young (of cattle),,,
unit-34-adjectives,large,adj,asaabala,daabboo | iiba'uu | gundoo | kootama,/ɐsɑːbɐlɐ/,yes,medium,"a large, black, red beaked bird",,,
unit-34-adjectives,strong,adj,jabaa,onnoomuu | gichillaa' | jabaachuu | jajjabaa,,no,high,strong,,,
unit-34-adjectives,weak,adj,yaroomuu,darree | culculjechuu | dadhabsiisuu | kachachaluu,/ˈjɐroːmúː/,no,high,"to be bad, weak",,,
unit-34-adjectives,full,adj,goobana,guulaa | ciffata | bacaqsuu | cinaa'uu,/ˈɡoːbɐnɐ/,no,high,full,,,
unit-34-adjectives,empty,adj,duwwaa,qolqolee | ona | adiyyoo | deeqqa'uu,,no,medium,empty,,,
unit-34-adjectives,warm,adj,seerrachuu,bulluqa | bulluqsiisuu | hoo'uu | o'isuu,/ˈseːrːɐt͡ʃúː/,no,high,warm,,,
unit-34-adjectives,sweet,adj,mi'aa,mi'aawaa | mi'ooftuu | adanii | baqarii,/ˈmɪʔɑ́ː/,no,medium,sweet (taste),,,
unit-34-adjectives,bitter,adj,arancii,hadheessuu | eebicha | faaluu | harma guusaa,/ɐrɐnt͡ʃʼíː/,yes,low,bitter cabbage,,,
unit-34-adjectives,sour,adj,komxaaxxee,qammana | dhangaggoo | canuu | qammansiisuu,/ˈkɔmtʼɑːtʼːéː/,no,medium,sour,,,
unit-34-adjectives,soft,adj,hoffeessuu,laafuu | dabbasaa,/ˈhɔfːeːsːúː/,no,low,to make soft &light,,,
unit-34-adjectives,hard,adj,jabeessuu,bilbillee | dallaqa | ciqilchuu | eelchuu,/ˈd͡ʒɐbeːsːúː/,no,high,"make strong, rigorous, hard",,,
unit-34-adjectives,fast,adj,laamuu,qomoruu | soomanuu | soomuu | xoomuu,/ˈlɑːmúː/,no,medium,to fast,,,
unit-34-adjectives,slow,adj,suutee,sissiqaa | lafarra butuu,/ˈsuːtéː/,no,high,slow,,,
unit-34-adjectives,beautiful,adj,xurunbullee,dhangaatuu | koonnoo | dumbushee | bareechisuu,,no,medium,beautiful,,,
unit-34-adjectives,ugly,adj,ulufa,fokkachuu | godoomuu | xelxeba | bifa baduu,/ʊlʊfɐ/,no,low,miss happen navel and protruding i.e. ugly,,,
unit-34-adjectives,rich,adj,tujaara,qaljii | soorettii | duroomsuu | saca'uu,/ˈtʊd͡ʒɑːrɐ/,no,medium,rich,,,
unit-34-adjectives,poor,adj,dhabduu,qoloqoiee | harka marachiisuu | harka marachuu | daaruu,/ˈᶑɐbdúː/,yes,medium,"poor, destitute (fem.)",,,
unit-34-adjectives,easy,adj,salpha,,,no,high,easy,,,
unit-34-adjectives,difficult,adj,laqanyoo,guulaa | darbuu | waalluu,/ˈlɐkʼɐɲóː/,no,high,"problem, difficult",,,
unit-35-people,person,noun,geerartuu,abbaltuu | areedoo | arrabdoteessa | bocaa,/ˈɡeːrɐrtúː/,no,high,"a person, usually a man who is very good at sing a war song",,,
unit-35-people,youth,noun,dargoo,dargaggumma,/ˈdɐrɡóː/,yes,high,youth (single),,,
unit-35-people,stranger,noun,halagoomuu,,/ˈhɐlɐɡoːmúː/,no,low,"being stranger, not kin",,,
unit-35-people,neighbour,noun,ollaa,,,no,high,neighbour,,,
unit-35-people,enemy,noun,diina,adawwii | gaaddilee | dhibantaa | amajaajii,/ˈdiːnɐ/,yes,medium,enemy,,,
unit-35-people,tribe,noun,gosa,qomoo | lammii | gosoomsuu,,no,medium,"type, kind",,,
unit-35-people,nation,noun,biyya,,/ˈbɪjːɐ/,yes,high,"country, nation",,,
unit-35-people,relative,noun,horee,garuumsa | hangaa sadhaatawaa | firaantee | firadhiigaa,/ˈhɔréː/,no,medium,relative,,,
unit-35-people,orphan,noun,gasharee,ilma du'aa,,no,high,orphan,,,
unit-35-people,widow,noun,bosortii,afooloo,/ˈbɔsɔrtíː/,yes,medium,widow,,,
unit-35-people,bride,noun,ashilee,idaayyaa | amaamota | addooyyee | gonnobbee,/ɐʃɪléː/,yes,medium,bride,,,
unit-35-people,groom,noun,ooge,rakoo qaluu,/oːɡɛ/,no,low,present given by a bride groom,,,
unit-35-people,twin,noun,lakkuu,,,no,high,twin,,,
unit-35-people,group,noun,tuuta,qoqqooduu | tuutessuu | booyira | duroo,/ˈtuːtɐ/,no,medium,"team, group",,,
unit-35-people,citizen,noun,biyyoomaa,laammii | lammii | abbaa biyyaa,/ˈbɪjːoːmɑ́ː/,yes,medium,citizen,,,
unit-35-people,ancestor,noun,abuduroo,,/ɐbʊdʊróː/,yes,high,ancestor,,,
unit-35-people,descendant,noun,hortee,darbii dabarsoo,/ˈhɔrtéː/,no,high,"descendant, family",,,
unit-35-people,generation,noun,dhaloota,labata afaanii,/ˈᶑɐloːtɐ/,yes,high,generation,,,
unit-35-people,age,noun,umrii,dulloomuu | bardhagitee | dullum | gomboba,/ʊmríː/,no,medium,age/life,,,
unit-35-people,couple,noun,mirreessuu,deebii,/ˈmɪrːeːsːúː/,no,medium,"to combine, couple",,,
unit-35-people,company,noun,daggaa,kaampaanii,/ˈdɐɡːɑ́ː/,yes,medium,company,,,
unit-35-people,assembly,noun,mana walgayii,,/ˈmɐnɐ wɐlɡɐjíː/,no,low,assembly hall,,,
unit-35-people,meeting,noun,walga'ii,walqunnamtii | walga'uu,/ˈwɐlɡɐʔíː/,no,high,meeting,,,
unit-35-people,quarrel,noun,qoccolloo,walloluu | baabsaa | coomphoo | dubbii,/ˈkʼɔt͡ʃʼːɔlːóː/,no,medium,"quarrel, argument dispute",,,
unit-35-people,agreement,noun,dilaala,waligaltee | walta'iinsa | wulii | walta'insa,/ˈdɪlɑːlɐ/,yes,medium,agreement,,,
unit-36-directions,place,noun,bakka,cibra | ramaduu | hiddoo | kaa'uu,/ˈbɐkːɐ/,yes,medium,"place, site, location",,,
unit-36-directions,side,noun,cinaacha,baabsuu | garuu | errii | gammidhaa,/ˈt͡ʃʼɪnɑːt͡ʃɐ/,yes,medium,ribs,,,
unit-36-directions,front,noun,duula,hulaa | geesaa | qarmammee | qarmammeettii,/ˈduːlɐ/,yes,high,front (area of conflict),,,
unit-36-directions,top,noun,guttiyyee,gubbee | qucee | ungulaalamuu | ungulaaluu,/ˈɡʊtːɪjːéː/,no,low,hen with a bunch of feather on the top of its head.,,,
unit-36-directions,bottom,noun,hudduu,semmoo | dugugguruu | gadiitoo | taa' umsa,/ˈhʊdːúː/,no,high,"bottom, buttocks, seat",,,
unit-36-directions,middle,noun,sontoo,arrabsaa | barjidoo | jeddujiressa | tirsoo,/ˈsɔntóː/,no,high,"middle, half way",,,
unit-36-directions,end,noun,dhuma,muummessa | saabachuu | xumuruu | hankaassee,/ˈᶑʊmɐ/,yes,medium,end,,,
unit-36-directions,edge,noun,afaan,timjii | andaara | handaara | moggaa,/ɐfɑːn/,yes,medium,mouth,,,
unit-36-directions,corner,noun,hogolee,,/ˈhɔɡɔléː/,no,low,"corner or at rear, hidden yard",,,
unit-36-directions,inside,noun,gebexii,itti cabuu,/ˈɡɛbɛtʼíː/,no,low,roost i.e. plat form built inside a house where fowls perch at night,,,
unit-36-directions,outside,noun,immisii,baargama | ala bulchuu | ala buluu | unkutuu,/ɪmːɪsíː/,no,low,grain put outside to get dried,,,
unit-36-directions,north,noun,mandiidaa,zoodiyaak | kaaba bahaa | kaaba kibba | kaaba lixaa,/ˈmɐndiːdɑ́ː/,no,low,"grown big, wide, large",,,
unit-36-directions,south,noun,kibba,zoodiyaak | kaaba kibba | kibba bahaa | kibba dhihaa,,no,high,south,,,
unit-36-directions,east,noun,baha,bushooftuu | maqii | kaaba bahaa | kibba bahaa,/ˈbɐhɐ/,yes,high,east,,,
unit-36-directions,west,noun,lixa,sanqallee | gafarsa | shoboka | kaaba lixaa,,no,high,west,,,
unit-36-directions,right,noun,tabaroo,kofajoo | seega | abbaa mirgaa | maksuu,/ˈtɐbɐróː/,no,high,right,,,
unit-36-directions,left,noun,filaa,bulaa | gadhiisaa | gadhiisii | gubaalessa,/ˈfɪlɑ́ː/,yes,low,comb,,,
unit-36-directions,way,noun,akkumsa,moocii | dubbannaa | duudhaa | gambaallee,/ɐkːʊmsɐ/,yes,medium,"way, system, factor",,,
unit-36-directions,border,noun,andaara,daarii | handaara | moggaa | gafarsa,/ɐndɑːrɐ/,yes,medium,"border, fringe, hem, edge",,,
unit-36-directions,centre,noun,handhuura magaalaa,,/ˈhɐnᶑuːrɐ mɐɡɑːlɑ́ː/,no,low,city centre,,,
unit-36-directions,entrance,noun,afaan,qarmammii | hulaa | habiisee seensaa,/ɐfɑːn/,yes,medium,mouth,,,
unit-36-directions,above,noun,fudiddiso,irra dhaaba,/ˈfʊdɪdːɪsɔ/,yes,low,suspended from above usually for children to sit on and swing,,,
unit-36-directions,below,noun,gambaallee,jallaba,/ˈɡɐmbɑːlːéː/,no,low,piece of cloth worn on a leg below knee or leather worn in the same way,,,
unit-36-directions,near,noun,cillaaddoo,aaneffachuu | kalawaa | itti dhiyaachuu,/ˈt͡ʃʼɪlːɑːdːóː/,yes,low,grass near swampy,,,
unit-36-directions,far,noun,fantaalee,furuursa | fageessuu | fagaachuu | halkaneessuu,/ˈfɐntɑːléː/,yes,low,something big and can be seen easily from far away,,,
unit-37-colours-and-shapes,purple,adj,bildiimoo,siddisee | bildiimessuu | bildiimaa,/ˈbɪldiːmóː/,yes,medium,purple,,,
unit-37-colours-and-shapes,dark,adj,cilaa'uu,bororoo | dukkanaa'uu | halkanaa'uu | limixaa'uu,/ˈt͡ʃʼɪlɑːʔúː/,yes,high,being charcoal,,,
unit-37-colours-and-shapes,bright,adj,bisinqillee,baarilee | jorroo | cululugsuu | cululuqfachuu,/ˈbɪsɪnkʼɪlːéː/,yes,low,bright red,,,
unit-37-colours-and-shapes,round,adj,marsaa,daabboo | gofocuu | inkoo | maagoftuu,/ˈmɐrsɑ́ː/,no,medium,round,,,
unit-37-colours-and-shapes,flat,adj,dalga,beeddee | jalqaba | batteessuu | damacaa,/ˈdɐlɡɐ/,yes,medium,horizontal/flat,,,
unit-37-colours-and-shapes,straight,adj,lommaa,loomaa | luuccessuu | oljechuu | solola'uu,/ˈlɔmːɑ́ː/,no,medium,straight,,,
unit-37-colours-and-shapes,crooked,adj,jalloo,qonyee | jallaa | jal'achuu | jallachuu,/ˈd͡ʒɐlːóː/,no,medium,crooked (feminine),,,
unit-37-colours-and-shapes,deep,adj,aanannoo,boolla'uu | bool'eessuu | boolleffachuu | cookuu,/ɑːnɐnːóː/,yes,low,deep green milky climbing plant,,,
unit-37-colours-and-shapes,thick,adj,furdaa,furdachuu | gaagubbaa | gobbuu | cororsaa,,no,high,thick,,,
unit-37-colours-and-shapes,thin,adj,loollii,qallaa | kuyyisa | goggogaa | huqqisuu,/ˈloːlːíː/,no,medium,thin,,,
unit-37-colours-and-shapes,sharp,adj,aaddoo,aʼa | dongora | dongoruu | muxxaawuu,/ɑːdːóː/,yes,low,sharp shooter,,,
unit-37-colours-and-shapes,blunt,adj,dooma,doomuu | doomsuu,/ˈdoːmɐ/,yes,high,pickaxe,,,
unit-37-colours-and-shapes,smooth,adj,mushulugsuu,mushuluqsuu | mushulugsa | bosonqora | morodamuu,/ˈmʊʃʊlʊɡsúː/,no,medium,to smooth,,,
unit-37-colours-and-shapes,rough,adj,saakarraa'uu,callabiyyoo | baalaansoofii | qugquuquu | quuquu,/ˈsɑːkɐrːɑːʔúː/,no,high,"become course, rough",,,
unit-37-colours-and-shapes,curved,adj,golba,goggoolboo | jallaa | jallachuu | cororsaa,/ˈɡɔlbɐ/,no,medium,"bowl- shaped, curved",,,
unit-37-colours-and-shapes,pointed,adj,dirmuu,hankaassee | togga 'amuu,/ˈdɪrmúː/,yes,low,hurt oneself by thrusting oneself on a pointed object.,,,
unit-37-colours-and-shapes,spotted,adj,hoolee,,/ˈhoːléː/,no,high,"colored, spotted",,,
unit-37-colours-and-shapes,striped,adj,holee,,/ˈhɔléː/,no,low,striped orspoted,,,
unit-38-abstract,anger,noun,aarii,oriisaa | dallansuu | caraana | caraansiisuu,/ɑːríː/,yes,medium,anger,,,
unit-38-abstract,joy,noun,gammachuu,fuula ifuu | ililii | ishoo!,,no,high,joy,,,
unit-38-abstract,peace,noun,fayyaa,nagaya | qabbana | nagaa | araara,/ˈfɐjːɑ́ː/,yes,medium,health,,,
unit-38-abstract,war,noun,waraana,duulli | geesaa | goshuu | hiyyaalola,,no,high,war,,,
unit-38-abstract,truth,noun,dhugaa,aaga | mirkana | amantee | amantii,/ˈᶑʊɡɑ́ː/,yes,medium,truth,,,
unit-38-abstract,shame,noun,qaanii,saalfi | yeelloo | gachawuu | salphisuu,/ˈkʼɑːníː/,no,medium,"shame, embrrassment",,,
unit-38-abstract,pride,noun,boona,koora | caaqa | galdaasa | boonsuu,/ˈboːnɐ/,yes,medium,pride,,,
unit-38-abstract,patience,noun,obsa,bal'ifachuu,,no,high,patience,,,
unit-38-abstract,courage,noun,onnumma,gootummaa | faacha | faancha | gootomuu,/ɔnːʊmːɐ/,no,medium,courage,,,
unit-38-abstract,kindness,noun,hammaachuu,,/ˈhɐmːɑːt͡ʃúː/,no,low,"be mean, i.e., lack kindness and good will",,,
unit-38-abstract,respect,noun,kabaja,kabajuu | kabaja kennuu | ofulfeessuu | safeeffachiisuu,/ˈkɐbɐd͡ʒɐ/,no,medium,"respect, honor",,,
unit-38-abstract,trouble,noun,dhibdee,fitnaa | damacaa | falafiduu | giitii,/ˈᶑɪbdéː/,yes,medium,"trouble, disturbance, difficulty misery, problem",,,
unit-38-abstract,problem,noun,danboo,gaafura | rakkoo | darara | dhibdee,/ˈdɐnbóː/,yes,medium,problem,,,
unit-38-abstract,luck,noun,carraa,faroo | milkii | falfala | aaga,/ˈt͡ʃʼɐrːɑ́ː/,yes,medium,"fortune, luck",,,
unit-38-abstract,fortune,noun,keerii,carraa | faroo | tafaa'ula | saaphaloo,/ˈkeːríː/,no,medium,fortune,,,
unit-38-abstract,wisdom,noun,adaadee,daadee | qarooma | qaroomuu,/ɐdɑːdéː/,yes,low,wisdom teeth,,,
unit-38-abstract,power,noun,aaboo,baallii | anniisaa | humna | humnaa,/ɑːbóː/,yes,medium,"power, authority",,,
unit-38-abstract,freedom,noun,bilisummaa,walabummaa | birmadummaa amantii,/ˈbɪlɪsʊmːɑ́ː/,yes,medium,"freedom, liberty",,,
unit-38-abstract,justice,noun,haqa,qajeelummaa,/ˈhɐkʼɐ/,no,medium,true,,,
unit-38-abstract,law,noun,seera,danbii | abbayyee | abbiyyii | abbiyyuu,/ˈseːrɐ/,no,medium,law,,,
unit-38-abstract,duty,noun,aajaa,haajaa | hujii | qadhaaba | lafa oolchuu,/ɑːd͡ʒɑ́ː/,yes,medium,"affair, duty, task, issue",,,
unit-39-describing-more,slim,adj,kuyyisa,,/ˈkʊjːɪsɐ/,no,high,"thin, slim",,,
unit-39-describing-more,brave,adj,goota,dhiirti | doora | gichillaa' | dhiiromuu,,no,high,brave,,,
unit-39-describing-more,shy,adj,saalfachuu,yeella'uu | qola laafessa | qaaneffachuu | saalfannaa,/ˈsɑːlfɐt͡ʃúː/,no,medium,"to be ashamed, shy",,,
unit-39-describing-more,clever,adj,kushee,goolee | hilluu | haxxee,/ˈkʊʃéː/,no,medium,clever,,,
unit-39-describing-more,lazy,adj,masluufa,boosa | dhibaawuu | daagi | ceemma'uu,/ˈmɐsluːfɐ/,no,high,lazy,,,
unit-39-describing-more,cruel,adj,ibisa,garaa jabaachuu,/ɪbɪsɐ/,no,high,"devil, cruel",,,
unit-39-describing-more,proud,adj,baajiguu,boontuu | caaquu | xennequu | bajiga,/ˈbɑːd͡ʒɪɡúː/,yes,medium,to proud,,,
unit-39-describing-more,handsome,adj,leensaa,bareeda | abbaa simboo | bifa baduu | lookoo,/ˈleːnsɑ́ː/,no,medium,"handsome, fine appearance (male)",,,
unit-39-describing-more,tender,adj,bosoqqee,caalbasii | lallaafuu | busuqqee,/ˈbɔsɔkʼːéː/,yes,medium,"tender, i.e., not tough",,,
unit-39-describing-more,delicious,adj,mi'aawaa,,,no,high,sweet,,,
unit-39-describing-more,eager,adj,haafoftuu,hafa'uu | bololuu | roora'uu | kaajessuu,/ˈhɑːfɔftúː/,no,medium,eager/anxious for something (fem),,,
unit-39-describing-more,foolish,adj,raatuu,jiidhuu | harsama | xebexxebduu | xebexxebuu,/ˈrɑːtúː/,no,high,"confused, foolish",,,
unit-39-describing-more,evil,adj,daabiloos,badaa | farrisaa | cagginaa'uu | farrisiisuu,/ˈdɑːbɪloːs/,yes,medium,evil,,,
unit-39-describing-more,visible,adj,muldhataa,muldhataa | zoodiyaak,/ˈmʊlᶑɐtɑ́ː/,no,high,"visible, tangible",,,
unit-39-describing-more,alive,adj,jiraataa,jiraa | dibamuu | jiraachisuu | jira,/ˈd͡ʒɪrɑːtɑ́ː/,no,medium,resident; inhabiting (male),,,
unit-39-describing-more,lean,adj,goggogaa,burundoo | maagoftuu | collagsiisuu | erkachuu,/ˈɡɔɡːɔɡɑ́ː/,no,medium,"dried, thin, lean, masculine",,,
unit-39-describing-more,younger,adj,maandhaa,obboo | abbaa xiqqaa | ayyaa xiqqoo | abbaa simboo,/ˈmɑːnᶑɑ́ː/,no,high,younger,,,
unit-40-verbs-senses,look,verb,laaluu,barbaachisuu | barbaaddachuu | doowwachuu | gaarreffachuu,/ˈlɑːlúː/,no,high,"look, see, observe",,,
unit-40-verbs-senses,watch,verb,sa'aa,haada sa'aa | sa'aatii harkaa,/ˈsɐʔɑ́ː/,no,high,"watch, timne",,,
unit-40-verbs-senses,notice,verb,qalbeeffachiisa,hubachiisa | beekkachiisa | jamboo-beeksisaa | beeksisa alaa,/ˈkʼɐlbeːfːɐt͡ʃiːsɐ/,no,medium,notice,,,
unit-40-verbs-senses,observe,verb,do'achuu,hubachiisuu | laaluu | xiinxaluu | doowwannaa,/ˈdɔʔɐt͡ʃúː/,yes,medium,observe,,,
unit-40-verbs-senses,ache,verb,waraansa,halteeta | quuqxoo | ciniina | garaa ciniinuu,/ˈwɐrɑːnsɐ/,no,high,"ache, sudden physical pain",,,
unit-40-verbs-senses,hurt,verb,dhukkubsuu,gaaga'uu | dirmuu | gaaga'amuu | hubamuu,/ˈᶑʊkːʊbsúː/,yes,medium,hurt,,,
unit-40-verbs-senses,inspect,verb,sakatta'uu,qorachuu | sakattaasisuu,,no,medium,to inspect,,,
unit-40-verbs-senses,glimpse,verb,liphii,,/ˈlɪpʼíː/,no,high,"glimpse, short glance",,,
unit-40-verbs-senses,sniff,verb,surachuu,,/ˈsʊrɐt͡ʃúː/,no,high,to sniff,,,
unit-40-verbs-senses,lick,verb,arraabuu,araabbachuu | arraabsisuu | gondolchuu | hokkoo,/ɐrːɑːbúː/,yes,high,to lick,,,
unit-40-verbs-senses,vibrate,verb,ollachuu,dha'achuu,/ɔlːɐt͡ʃúː/,no,high,"to vibrate, shiver",,,
unit-40-verbs-senses,shine,verb,cululuquu,cululugsuu | liistiroo,/ˈt͡ʃʼʊlʊlʊkʼúː/,yes,high,shine/ show bright face,,,
unit-40-verbs-senses,glitter,verb,calalaquu,calalagsiisuu,/ˈt͡ʃʼɐlɐlɐkʼúː/,yes,high,"glisten, glitter, or shimmer",,,
unit-40-verbs-senses,echo,verb,horrisa,owwaataa,/ˈhɔrːɪsɐ/,no,medium,echo,,,
unit-41-classroom,notebook,noun,yaadanno,,,no,high,notebook,,,
unit-41-classroom,dictionary,noun,dikshinarii,kuusjecha | galmee jechootaa | aseentoo,/ˈdɪkʃɪnɐríː/,yes,medium,dictionary,,,
unit-41-classroom,exercise,noun,gilgaala,ayyaana olkaa | shaakala | dabtara,/ˈɡɪlɡɑːlɐ/,no,medium,exercise,,,
unit-41-classroom,example,noun,fakkeenya,diruu | danda'uu | duroo | dadii,/ˈfɐkːeːɲɐ/,yes,high,example,,,
unit-41-classroom,quiz,noun,battalee,,/ˈbɐtːɐléː/,yes,high,small test/ quiz,,,
unit-41-classroom,mathematics,noun,herreega,,/ˈhɛrːeːɡɐ/,no,high,mathematics,,,
unit-41-classroom,subject,noun,lammii,matima | dirqam beenyaa | isheen | isin,/ˈlɐmːíː/,no,high,"kin, relative tribe",,,
unit-41-classroom,grade,noun,gulantaa,doorani,/ˈɡʊlɐntɑ́ː/,no,high,"grade,step, scale",,,
unit-41-classroom,certificate,noun,iqaama,dippiloma | ragaa dhalootaa | ragaa gaayilaa,/ɪkʼɑːmɐ/,no,high,certificate,,,
unit-41-classroom,education,noun,barnoota,,/ˈbɐrnoːtɐ/,yes,high,education,,,
unit-41-classroom,instruction,noun,eemara,,/eːmɐrɐ/,yes,high,"instruction,order",,,
unit-41-classroom,instructor,noun,barsiiftuu,barsiisaa,/ˈbɐrsiːftúː/,yes,medium,"teacher/coach/instructor/trainer, educator (female)",,,
unit-41-classroom,chart,noun,caatoo,taattoo,/ˈt͡ʃʼɑːtóː/,yes,medium,chart,,,
unit-41-classroom,diagram,noun,caasoo,,/ˈt͡ʃʼɑːsóː/,yes,high,diagram,,,
unit-41-classroom,alphabet,noun,arfii,harfii | qubee | a | A,/ɐrfíː/,yes,medium,alphabet,,,
unit-41-classroom,folder,noun,ukaankaa,ukaankaa haadhoo,/ʊkɑːnkɑ́ː/,no,high,folder,,,
unit-41-classroom,marker,noun,addabaasoo,-uu,/ɐdːɐbɑːsóː/,yes,high,marker,,,
unit-41-classroom,note,noun,nootaa,yaadachiisa | qalbeeffachuu,/ˈnoːtɑ́ː/,no,medium,note (music),,,
unit-41-classroom,examination,noun,qormaata,qoqqorachuu | dalaafii | qorqorti | darbuu,/ˈkʼɔrmɑːtɐ/,no,medium,examination,,,
unit-41-classroom,discipline,noun,namuusa,qummuuchisuu | qummuudachuu | naamusahojii | adabachuu,/ˈnɐmuːsɐ/,no,high,discipline,,,
unit-41-classroom,schedule,noun,sagantee,sagantaa hojii,,no,high,schedule,,,
unit-41-classroom,curriculum,noun,sirna barumsaa,,/ˈsɪrnɐ bɐrʊmsɑ́ː/,no,high,curriculum,,,
unit-41-classroom,register,noun,galmee,galmeessuu | galmeessisuu,/ˈɡɐlméː/,no,high,"register, archive",,,
unit-41-classroom,dormitory,noun,mana cisichaa,,/ˈmɐnɐ t͡ʃʼɪsɪt͡ʃɑ́ː/,no,high,"pension, dormitory",,,
unit-41-classroom,campus,noun,adaalloo,,/ɐdɑːlːóː/,yes,high,campus,,,
unit-42-reading-writing,grammar,noun,caasluga,seerluga | hirmaata dubbii,/ˈt͡ʃʼɑːslʊɡɐ/,yes,medium,grammar,,,
unit-42-reading-writing,spelling,noun,qubeessa,,/ˈkʼʊbeːsːɐ/,no,high,"spelling, or ethnography",,,
unit-42-reading-writing,vowel,noun,dubbachiftu,dubbachiiftuu,/ˈdʊbːɐt͡ʃɪftʊ/,yes,medium,vowel,,,
unit-42-reading-writing,syllable,noun,birsaga,,/ˈbɪrsɐɡɐ/,yes,high,syllable,,,
unit-42-reading-writing,phrase,noun,gaalee,jirqubee,/ˈɡɑːléː/,no,high,any climbing plant,,,
unit-42-reading-writing,translation,noun,afnaqa,hiika,/ɐfnɐkʼɐ/,yes,high,translation,,,
unit-42-reading-writing,chapter,noun,boqonnaa,buufata,/ˈbɔkʼɔnːɑ́ː/,yes,medium,rest,,,
unit-42-reading-writing,novel,noun,asoosama,asoojaa,/ɐsoːsɐmɐ/,yes,medium,novel (work of fiction),,,
unit-42-reading-writing,poetry,noun,walaloo,,,no,high,poetry,,,
unit-42-reading-writing,author,noun,barreessaa,barreessituu,/ˈbɐrːeːsːɑ́ː/,yes,high,author (masc.),,,
unit-42-reading-writing,print,noun,maxxansoo,maxxansuu | maxxansiifachuu | maxxanuu | dukkaa,/ˈmɐtʼːɐnsóː/,no,high,print,,,
unit-42-reading-writing,comma,noun,qoodduu,,/ˈkʼoːdːúː/,no,high,"distributor, comma",,,
unit-42-reading-writing,apostrophe,noun,abaloo,,/ɐbɐlóː/,yes,high,apostrophe,,,
unit-42-reading-writing,prefix,noun,durarroo,,/ˈdʊrɐrːóː/,yes,high,prefix,,,
unit-42-reading-writing,suffix,noun,fumaayyii,-an | -essa | -siisuu,/ˈfʊmɑːjːíː/,yes,high,suffix,,,
unit-42-reading-writing,idiom,noun,cigoo,jechama,/ˈt͡ʃʼɪɡóː/,yes,high,idiom,,,
unit-42-reading-writing,adjective,noun,ibsa maqaa,maqeentuu,/ɪbsɐ mɐkʼɑ́ː/,no,high,adjective,,,
unit-42-reading-writing,pronoun,noun,maqadhaal,si | ana | sii | anaa,,no,high,pronoun,,,
unit-42-reading-writing,punctuation,noun,sirna tuqaalee,,/ˈsɪrnɐ tʊkʼɑːléː/,no,high,punctuation,,,
unit-42-reading-writing,synonym,noun,moggoyyaa,moggoo,,no,medium,synonym,,,
unit-42-reading-writing,glossary,noun,jibsoo,,/ˈd͡ʒɪbsóː/,no,high,glossary,,,
unit-42-reading-writing,footnote,noun,miljalee,,/ˈmɪld͡ʒɐléː/,no,high,footnote,,,
unit-42-reading-writing,stanza,noun,aanguu,anguu,/ɑːnɡúː/,yes,medium,stanza,,,
unit-42-reading-writing,sketch,noun,saxaxa,hacceeruu,/ˈsɐtʼɐtʼɐ/,no,medium,"draft, sketch, design.",,,
unit-42-reading-writing,manuscript,noun,barruuka,kurii,/ˈbɐrːuːkɐ/,yes,medium,manuscript,,,
unit-43-shapes-measuring,circle,noun,agaggee,dumbulloo | korabobbee | naannitee | geengoo,/ɐɡɐɡːéː/,yes,medium,circle,,,
unit-43-shapes-measuring,triangle,noun,rogsadee,kofajoo | kofa sadee,,no,high,triangle,,,
unit-43-shapes-measuring,rectangle,noun,afroggee,,/ɐfrɔɡːéː/,yes,high,rectangle,,,
unit-43-shapes-measuring,oval,noun,molaalee,molaalachuu | molaalawuu,/ˈmɔlɑːléː/,no,high,"Oval, egg shaped.",,,
unit-43-shapes-measuring,sphere,noun,luulloo,zoodiyaak,/ˈluːlːóː/,no,high,sphere,,,
unit-43-shapes-measuring,cone,noun,koonii,biilaluu,/ˈkoːníː/,no,high,cone,,,
unit-43-shapes-measuring,cylinder,noun,qaboo,,/ˈkʼɐbóː/,no,high,"container, cylinder",,,
unit-43-shapes-measuring,line,noun,sarara,maaraa | xurree | mudhii | sararoo,/ˈsɐrɐrɐ/,no,medium,line,,,
unit-43-shapes-measuring,dot,noun,qabxii,,/ˈkʼɐbtʼíː/,no,high,"point, dot.",,,
unit-43-shapes-measuring,length,noun,dheerina,dhundhumuu | xaaqaa | dhawuu,/ˈᶑeːrɪnɐ/,yes,high,length,,,
unit-43-shapes-measuring,width,noun,dalgeeta,bal'ina | arbii,/ˈdɐlɡeːtɐ/,yes,medium,width,,,
unit-43-shapes-measuring,height,noun,hojjaa,,,no,high,height,,,
unit-43-shapes-measuring,depth,noun,tuujuba,,/ˈtuːd͡ʒʊbɐ/,no,high,"deep part of body of water, depth",,,
unit-43-shapes-measuring,measurement,noun,bikkooma,malakkee | qazirii | safartuu | farasullaa,/ˈbɪkːoːmɐ/,yes,medium,measurement,,,
unit-43-shapes-measuring,digit,noun,manoo,,/ˈmɐnóː/,no,high,digit,,,
unit-43-shapes-measuring,fraction,noun,hireentaa,,/ˈhɪreːntɑ́ː/,no,high,fraction,,,
unit-43-shapes-measuring,total,noun,waliigala,,/ˈwɐliːɡɐlɐ/,no,high,total,,,
unit-43-shapes-measuring,sum,noun,ida'ama,,,no,high,sum,,,
unit-43-shapes-measuring,quantity,noun,danata,daneeta,/ˈdɐnɐtɐ/,yes,medium,quantity,,,
unit-43-shapes-measuring,amount,noun,hammamtaa,barakatii | gurucii | haasisuu | akkaa ol buufachuu,/ˈhɐmːɐmtɑ́ː/,no,high,amount,,,
unit-43-shapes-measuring,pair,noun,mirree,cimdii | lakkooma | bolaalee | buufamuu,,no,medium,pair,,,
unit-43-shapes-measuring,percent,noun,dhibbeenta,,/ˈᶑɪbːeːntɐ/,yes,high,percent,,,
unit-44-furniture,mattress,noun,firaashii,afattoo,/ˈfɪrɑːʃíː/,yes,medium,mattress,,,
unit-44-furniture,pillow,noun,boraatii,makaddaa | boraafatamuu | borfachuu,/ˈbɔrɑːtíː/,yes,medium,pillow,,,
unit-44-furniture,drawer,noun,kaanaa,harkoo,/ˈkɑːnɑ́ː/,no,high,drawer,,,
unit-44-furniture,sofa,noun,soofaa,,/ˈsoːfɑ́ː/,no,high,sofa,,,
unit-44-furniture,stool,noun,qurxaa,barcuma | irrateessoo | teessuma | taa' umsa,/ˈkʼʊrtʼɑ́ː/,no,medium,2nd round tilling of the land,,,
unit-44-furniture,carpet,noun,afata,sigaajjaa | afaa | jibbaa | raroo,/ɐfɐtɐ/,yes,medium,grass for spreading out on a floor,,,
unit-44-furniture,rug,noun,afaa,,/ɐfɑ́ː/,yes,high,"carpet, rug",,,
unit-44-furniture,mirror,noun,agarsiiftuu,daaw'itii | ofilaalee,/ɐɡɐrsiːftúː/,yes,medium,mirror,,,
unit-44-furniture,candle,noun,shaamaa,dungoo | ifa duungoo,,no,medium,candle,,,
unit-44-furniture,bucket,noun,baaldii,shenkelloo | ta'ee,/ˈbɑːldíː/,yes,medium,bucket,,,
unit-44-furniture,lock,noun,qulfii,qollofuu | loosaa | mashakaa,,no,high,lock (mechanism to hold shut),,,
unit-44-furniture,ceiling,noun,demdemoo,baaxii,/ˈdɛmdɛmóː/,yes,medium,ceiling,,,
unit-44-furniture,hearth,noun,badii ibidda,,/ˈbɐdiː ɪbɪdːɐ/,yes,high,hearth.,,,
unit-44-furniture,fireplace,noun,geemmoo,,/ˈɡeːmːóː/,no,high,see 'sumsuma',,,
unit-44-furniture,pillar,noun,hiroo,turboo | utubaa | geerrii,/ˈhɪróː/,no,medium,pillar,,,
unit-44-furniture,porch,noun,galbii,,/ˈɡɐlbíː/,no,high,"porch, under the eaves house",,,
unit-44-furniture,courtyard,noun,mooraa,,/ˈmoːrɑ́ː/,no,high,courtyard,,,
unit-44-furniture,wallpaper,noun,bifgarduubee fooddaa,,/ˈbɪfɡɐrduːbeː foːdːɑ́ː/,yes,high,wallpaper,,,
unit-44-furniture,hook,noun,hookkaa,ookkoo | fannoo | hokkoo | waantoo,/ˈhoːkːɑ́ː/,no,medium,"hook, usually wooden",,,
unit-44-furniture,peg,noun,shikaala,xiribbaa,/ˈʃɪkɑːlɐ/,no,medium,peg,,,
unit-44-furniture,mop,noun,foksoo,,/ˈfɔksóː/,yes,high,mop,,,
unit-44-furniture,bin,noun,togogoo,baattoo gatoo,/ˈtɔɡɔɡóː/,no,high,"storage, bin",,,
unit-44-furniture,tray,noun,karaboo,tirii | baataa,/ˈkɐrɐbóː/,no,medium,tray,,,
unit-44-furniture,container,noun,qabaataa,qaboo | abuubbii | adoolaa | doola,/ˈkʼɐbɑːtɑ́ː/,no,medium,rich person,,,
unit-44-furniture,cottage,noun,godoo,mana citaa,/ˈɡɔdóː/,no,high,"cottage, hut",,,
unit-45-keeping-clean,soap,noun,adarqii,andarqii | saamunaa | oomoo,/ɐdɐrkʼíː/,yes,medium,soap,,,
unit-45-keeping-clean,comb,noun,faaqqee,filaa | miidoo | mushuxa | chookachuu,/ˈfɑːkʼːéː/,yes,medium,comb,,,
unit-45-keeping-clean,razor,noun,haaduu,chiggiree,,no,medium,knife,,,
unit-45-keeping-clean,scissors,noun,maqxuu,,,no,high,scissors,,,
unit-45-keeping-clean,toilet,noun,boolii,manbobbaa | mana fincaanii | arrigoo,/ˈboːlíː/,yes,medium,toilet,,,
unit-45-keeping-clean,shower,noun,tiifee,tiifuu | gonjollu | tittifuu,/ˈtiːféː/,no,medium,shower (of bath),,,
unit-45-keeping-clean,sponge,noun,liifaa,,,no,high,sponge,,,
unit-45-keeping-clean,cleanliness,noun,qulqullummaa,,/ˈkʼʊlkʼʊlːʊmːɑ́ː/,no,high,cleanliness,,,
unit-45-keeping-clean,dirt,noun,xurii,hoogana | hooganuu | seecca'uu,/ˈtʼʊríː/,no,high,dirt,,,
unit-45-keeping-clean,rubbish,noun,hanshaafa,hoosa | gataa | buyii,/ˈhɐnʃɑːfɐ/,no,medium,junk,,,
unit-45-keeping-clean,garbage,noun,balfaa,buquqaa | huuba,/ˈbɐlfɑ́ː/,yes,medium,"garbage, trash, waste",,,
unit-45-keeping-clean,washing,noun,miiccaa,dhiqannaa | cafaccafa | handoodee | miiccitoo,/ˈmiːt͡ʃʼːɑ́ː/,no,medium,washing (usually cloths),,,
unit-45-keeping-clean,bathing,noun,dhiqannaa,,/ˈᶑɪkʼɐnːɑ́ː/,yes,high,"bathing, washing",,,
unit-45-keeping-clean,perfume,noun,shittoo,dibata | marashii | urgoo,/ˈʃɪtːóː/,no,medium,perfume,,,
unit-45-keeping-clean,faucet,noun,hoombaa,,/ˈhoːmbɑ́ː/,no,high,faucet,,,
unit-45-keeping-clean,sieve,noun,gingilchaa,gingilfachuu | haadha ginglichaa,/ˈɡɪnɡɪlt͡ʃɑ́ː/,no,high,sieve,,,
unit-45-keeping-clean,polishing,noun,soofa,,/ˈsoːfɐ/,no,high,polishing,,,
unit-45-keeping-clean,purification,noun,qulqulleessa,,/ˈkʼʊlkʼʊlːeːsːɐ/,no,high,purification,,,
unit-45-keeping-clean,apron,noun,dalgee,marxifannaa | marxoo | marxisuu | marxuu,/ˈdɐlɡéː/,yes,medium,apron,,,
unit-45-keeping-clean,diaper,noun,huccuu fincaanii,,/ˈhʊt͡ʃʼːuː fɪnt͡ʃʼɑːníː/,no,high,diaper,,,
unit-45-keeping-clean,pajamas,noun,uffannaa halkanii,,/ʊfːɐnːɑː hɐlkɐníː/,no,high,pajamas,,,
unit-45-keeping-clean,wax,noun,gagaa,guurii | dungoo,/ˈɡɐɡɑ́ː/,yes,high,wax,,,
unit-45-keeping-clean,filter,noun,abaccarii,dhimbiibaa | abaccaruu | miluu | dhimbiibuu,/ɐbɐt͡ʃʼːɐríː/,yes,medium,"sweeper, filter",,,
unit-45-keeping-clean,filtration,noun,calalli,dhimbiiba,/ˈt͡ʃʼɐlɐlːɪ/,yes,high,filtration,,,
unit-45-keeping-clean,washer,noun,wushaala,,/ˈwʊʃɑːlɐ/,no,high,"washer, wedge",,,
unit-46-clothes-more,jacket,noun,kooluu,,/ˈkoːlúː/,no,high,asylum,,,
unit-46-clothes-more,sweater,noun,shurraaba,,,no,high,sweater,,,
unit-46-clothes-more,socks,noun,miilee,,/ˈmiːléː/,no,high,socks,,,
unit-46-clothes-more,sandals,noun,caantaa,,/ˈt͡ʃʼɑːntɑ́ː/,yes,high,"slipper, sandals",,,
unit-46-clothes-more,boot,noun,astawallii,,/ɐstɐwɐlːíː/,yes,high,boot,,,
unit-46-clothes-more,gloves,noun,harkeellaa,,/ˈhɐrkeːlːɑ́ː/,no,high,gloves,,,
unit-46-clothes-more,underwear,noun,jalaanii,,,no,high,underwear,,,
unit-46-clothes-more,vest,noun,sadarya,,,no,high,vest,,,
unit-46-clothes-more,uniform,noun,walagoo,,/ˈwɐlɐɡóː/,no,high,uniform (of cloth),,,
unit-46-clothes-more,zip,noun,shaarneellaa,nooba | iyyaatoo teessoo,/ˈʃɑːrneːlːɑ́ː/,no,high,zip,,,
unit-46-clothes-more,collar,noun,mormee,calcallee,/ˈmɔrméː/,no,high,collar,,,
unit-46-clothes-more,lace,noun,teemsaa,,/ˈteːmsɑ́ː/,no,high,lace,,,
unit-46-clothes-more,purse,noun,koro'oo,cooruu,,no,high,purse,,,
unit-46-clothes-more,wallet,noun,ilbaa,korojoo,/ɪlbɑ́ː/,no,medium,wallet,,,
unit-46-clothes-more,umbrella,noun,dibaabee,agoobara | dibaaba | daatuu | dondaa,/ˈdɪbɑːbéː/,yes,medium,umbrella,,,
unit-46-clothes-more,garment,noun,wayaa,daara | oolbaa | jaanoo | muraa,/ˈwɐjɑ́ː/,no,medium,garment,,,
unit-46-clothes-more,silk,noun,arrii,haarrii | algee | habarir,/ɐrːíː/,yes,high,silk,,,
unit-46-clothes-more,flannel,noun,uffannaajalee,caabetaa,/ʊfːɐnːɑːd͡ʒɐléː/,no,high,flannel,,,
unit-46-clothes-more,embroidery,noun,kuullata,,/ˈkuːlːɐtɐ/,no,high,embroidery,,,
unit-46-clothes-more,veil,noun,haguuggii fuulaa,,/ˈhɐɡuːɡːiː fuːlɑ́ː/,no,high,veil,,,
unit-46-clothes-more,sheath,noun,satoo,,/ˈsɐtóː/,no,high,sheath,,,
unit-46-clothes-more,stocking,noun,lukeellaa,,/ˈlʊkeːlːɑ́ː/,no,high,stocking,,,
unit-46-clothes-more,accessories,noun,iddaannoo,,/ɪdːɑːnːóː/,no,high,accessories,,,
unit-46-clothes-more,badge,noun,iyyaatoo,,/ɪjːɑːtóː/,no,high,"tag, badge",,,
unit-47-food-more,yogurt,noun,itittuu,hitittuu | aannan itittuu | itichuu,,no,medium,yogurt,,,
unit-47-food-more,pasta,noun,paastaa,,/ˈpɑːstɑ́ː/,yes,high,pasta,,,
unit-47-food-more,salad,noun,salaaxaa,,,no,high,salad,,,
unit-47-food-more,sandwich,noun,ambatiitoo,,/ɐmbɐtiːtóː/,yes,high,sandwich,,,
unit-47-food-more,pancake,noun,maxinoo,naccii,,no,high,pancake,,,
unit-47-food-more,popcorn,noun,hungaa,xaaxee,/ˈhʊnɡɑ́ː/,no,medium,see 'akaayii',,,
unit-47-food-more,oats,noun,hayisaa,matajaboo,/ˈhɐjɪsɑ́ː/,no,medium,oats,,,
unit-47-food-more,vinegar,noun,angaggee,,/ɐnɡɐɡːéː/,yes,high,vinegar,,,
unit-47-food-more,mustard,noun,sinaabii,,/ˈsɪnɑːbíː/,no,high,"mustard, sauce, seed or plant",,,
unit-47-food-more,ingredient,noun,heemara,bulbuluu,/ˈheːmɐrɐ/,no,high,ingredient,,,
unit-47-food-more,bacon,noun,foonjajii,,/ˈfoːnd͡ʒɐd͡ʒíː/,yes,high,bacon,,,
unit-47-food-more,cinnamon,noun,qarafaa,,,no,high,cinnamon,,,
unit-47-food-more,cumin,noun,abasuuda,absuuda | habasuuda | abasuuda adii | abasuuda gurraacha,/ɐbɐsuːdɐ/,yes,medium,cumin,,,
unit-47-food-more,syrup,noun,damma nadhii,,/ˈdɐmːɐ nɐᶑíː/,yes,high,syrup,,,
unit-47-food-more,mushroom,noun,amboshillaa,ingudaayee | shashara | harraagoo | horroqoo,/ɐmbɔʃɪlːɑ́ː/,yes,medium,mushroom,,,
unit-47-food-more,malt,noun,biqila,biqilfachuu,/ˈbɪkʼɪlɐ/,yes,high,"malt, fresh green shoots, sprouting grain",,,
unit-47-food-more,flavor,noun,dhandhama,dhandhamuu | lajooja'uu,/ˈᶑɐnᶑɐmɐ/,yes,high,"taste, flavor",,,
unit-47-food-more,relish,noun,dapha,ittoo | qettoo,/ˈdɐpʼɐ/,yes,high,relish,,,
unit-47-food-more,edible,noun,nyaatamaa,ashooka | baddeessa | biiqaa | zayituunaa,/ˈɲɑːtɐmɑ́ː/,no,high,"eat, edible",,,
unit-47-food-more,boiled,noun,affeellaa,aboolii | ashuuqqii | baqqana | foonaffeellii,/ɐfːeːlːɑ́ː/,yes,high,boiled (especially meat),,,
unit-47-food-more,toasted,noun,agaalabbii,,/ɐɡɑːlɐbːíː/,yes,high,"toasted (of grain, flour)",,,
unit-47-food-more,mouthful,noun,luqumi,qaphii | ciffachisuu | ciffachuu | qaphaa'uu,/ˈlʊkʼʊmɪ/,no,medium,mouthful,,,
unit-48-fruit-more,lime,noun,habaraasaa,loomii | baraasa | baraashaa | hoofii,/ˈhɐbɐrɑːsɑ́ː/,no,medium,lime (chemical compound),,,
unit-48-fruit-more,peach,noun,kookii,,/ˈkoːkíː/,no,high,peach,,,
unit-48-fruit-more,watermelon,noun,luxxe,,/ˈlʊtʼːɛ/,no,high,watermelon,,,
unit-48-fruit-more,coconut,noun,bugii,,/ˈbʊɡíː/,yes,high,"coconut, coconut palm",,,
unit-48-fruit-more,peas,noun,carandada,ashuuqqii | hardooma | unkutachuu,/ˈt͡ʃʼɐrɐndɐdɐ/,yes,high,"boiled beans, peas, on crucifixion",,,
unit-48-fruit-more,ginger,noun,ginjibila,jijimbila,/ˈɡɪnd͡ʒɪbɪlɐ/,no,medium,ginger,,,
unit-48-fruit-more,chili,noun,mimmixa,daabbusee | xiriffee | hocola | qocqocaa,/ˈmɪmːɪtʼɐ/,no,medium,chili,,,
unit-48-fruit-more,fruits,noun,ija mukaa,gumarii | koshommii | mattaree | midhoo,/ɪd͡ʒɐ mʊkɑ́ː/,no,high,fruits/seeds of trees,,,
unit-48-fruit-more,vegetable,noun,ashaakiltii,kuduraa | bonee | gordii | liimmaa,/ɐʃɑːkɪltíː/,yes,medium,vegetable,,,
unit-48-fruit-more,beet,noun,dindaa,burii,/ˈdɪndɑ́ː/,yes,high,beet,,,
unit-48-fruit-more,berry,noun,goraa,hugufee | duuddoo,,no,high,berry,,,
unit-48-fruit-more,peanut,noun,ocholoonii,,,no,high,peanut,,,
unit-48-fruit-more,soybean,noun,ashanquree,,/ɐʃɐnkʼʊréː/,yes,high,soybean,,,
unit-48-fruit-more,rye,noun,omborii,,/ɔmbɔríː/,no,high,Rye,,,
unit-48-fruit-more,seedlings,noun,magartuu,,/ˈmɐɡɐrtúː/,no,high,"seedlings, proper name (fem)",,,
unit-48-fruit-more,stalk,noun,hagadaa,somaa | mujaa | qummoo | sandaaboo,/ˈhɐɡɐdɑ́ː/,no,medium,stalk,,,
unit-48-fruit-more,ripe,noun,bilchina,gaamaruu | samsuu | samuu | asheeta,/ˈbɪlt͡ʃɪnɐ/,yes,high,"ripe, maturity",,,
unit-48-fruit-more,harvesting,noun,haamicha,sabsii | imamii | imamuu | imamii baasuu,/ˈhɑːmɪt͡ʃɐ/,no,high,the act of mowing/harvesting,,,
unit-48-fruit-more,compost,noun,kosii,dikeessuu,,no,high,compost,,,
unit-48-fruit-more,fertile,noun,qaljii,gabbachuu,/ˈkʼɐld͡ʒíː/,no,high,"fertile, rich (soil)",,,
unit-49-drinks-sweets,wine,noun,aynaba,hidda reeffaa | mana daadhii,/ɐjnɐbɐ/,yes,high,wine,,,
unit-49-drinks-sweets,sweetness,noun,mi'aayina,,/ˈmɪʔɑːjɪnɐ/,no,high,expensiveness,,,
unit-49-drinks-sweets,straw,noun,hichaacha,qashxii | barsii | hibbiqii | cidii,/ˈhɪt͡ʃɑːt͡ʃɐ/,no,medium,straw,,,
unit-49-drinks-sweets,flask,noun,faashkoo,,/ˈfɑːʃkóː/,yes,high,flask,,,
unit-49-drinks-sweets,jar,noun,siiba,jaaloo | huuroo | barcaa | cuggee,/ˈsiːbɐ/,no,medium,jar,,,
unit-49-drinks-sweets,beverage,noun,dhugdoo,,/ˈᶑʊɡdóː/,yes,high,"beverage, drink, strong drink",,,
unit-49-drinks-sweets,brewer,noun,naqxuu,,/ˈnɐkʼtʼúː/,no,high,brewer,,,
unit-49-drinks-sweets,brewery,noun,naqilla,,/ˈnɐkʼɪlːɐ/,no,high,brewery,,,
unit-49-drinks-sweets,whey,noun,aangubaa,,/ɑːnɡʊbɑ́ː/,yes,high,whey,,,
unit-49-drinks-sweets,sip,noun,abbuuqqannoo,abbuuqqii | habbuuqqannoo | hanbooqqannaa | unuu,/ɐbːuːkʼːɐnːóː/,yes,medium,"gulp, sip",,,
unit-49-drinks-sweets,canteen,noun,buraashee,,/ˈbʊrɑːʃéː/,yes,high,canteen,,,
unit-49-drinks-sweets,pitcher,noun,fuggee,moqorqoraa,/ˈfʊɡːéː/,yes,medium,pitcher,,,
unit-49-drinks-sweets,funnel,noun,dhullee,naqqii | naqxuu | dhimbiibaa,/ˈᶑʊlːéː/,yes,medium,drinking ground,,,
unit-49-drinks-sweets,steam,noun,hurka,,,no,high,steam,,,
unit-49-drinks-sweets,fermented,noun,bubbukaa'aa,budaayaa | siljoo | xafxafa | bilillee,/ˈbʊbːʊkɑːʔɑ́ː/,yes,high,fermented,,,
unit-50-celebrations,birthday,noun,ashaabala,gubbee buufata,/ɐʃɑːbɐlɐ/,yes,high,birthday,,,
unit-50-celebrations,celebration,noun,ayyaaneffannaa,mareewoo | facaafachuu,/ɐjːɑːnɛfːɐnːɑ́ː/,yes,high,celebration,,,
unit-50-celebrations,festival,noun,dhangaa,jila | mareewoo | ukee | cabaloo,/ˈᶑɐnɡɑ́ː/,yes,medium,festival,,,
unit-50-celebrations,marriage,noun,fuudha,fuudhaafiheeruma | bultii | heeruma | abaabbaltii,/ˈfuːᶑɐ/,yes,medium,marriage (male),,,
unit-50-celebrations,party,noun,paartii,gogeessa | jaarmiyaa | dhaaba | deebii,/ˈpɑːrtíː/,yes,medium,party,,,
unit-50-celebrations,guests,noun,keessummoota,gaggeefachuu,/ˈkeːsːʊmːoːtɐ/,no,high,guests,,,
unit-50-celebrations,present,noun,argaa,ammii | ooge | si'ana | geega'oo,/ɐrɡɑ́ː/,yes,high,"gift, present",,,
unit-50-celebrations,christmas,noun,gannaa,,/ˈɡɐnːɑ́ː/,no,high,christmas,,,
unit-50-celebrations,valentine,noun,vaalantaayin,,/ˈvɑːlɐntɑːjɪn/,yes,high,valentine,,,
unit-50-celebrations,anniversary,noun,kistaana,,/ˈkɪstɑːnɐ/,no,high,"monument, statue",,,
unit-50-celebrations,invitation,noun,afeerraa,waamicha,/ɐfeːrːɑ́ː/,yes,medium,invitation,,,
unit-50-celebrations,greeting,noun,yooyyaa,harka fuudhuu | nagaa gaafachuu | uggumuu,/ˈjoːjːɑ́ː/,no,high,"greeting, salutation",,,
unit-50-celebrations,crown,noun,gomfoo,gonfoo | moottessuu | gonfuu,/ˈɡɔmfóː/,no,medium,crown,,,
unit-50-celebrations,photograph,noun,suura,,,no,high,photograph,,,
unit-50-celebrations,picture,noun,fakkii,suuraa | ogfakkii,/ˈfɐkːíː/,yes,medium,picture,,,
unit-50-celebrations,memory,noun,kuufannoo,qaxabii,/ˈkuːfɐnːóː/,no,medium,memory,,,
unit-50-celebrations,coronation,noun,mooteffannoo,,/ˈmoːtɛfːɐnːóː/,no,high,coronation,,,
unit-50-celebrations,commemoration,noun,yaadannoo,daaccii | kistaana,/ˈjɑːdɐnːóː/,no,high,commemoration,,,
unit-50-celebrations,decoration,noun,faaya,gonnobbee,/ˈfɑːjɐ/,yes,high,"decoration, omament.",,,
unit-50-celebrations,lullaby,noun,hururuu,hurursiisuu | urursiisuu,/ˈhʊrʊrúː/,no,high,lullaby,,,
unit-50-celebrations,chanting,noun,yeekkartii,,/ˈjeːkːɐrtíː/,no,high,chanting,,,
unit-50-celebrations,celebrating,noun,ayyaaneffannoo,masqala,/ɐjːɑːnɛfːɐnːóː/,yes,high,celebrating,,,
unit-50-celebrations,enjoyment,noun,boohartii,,/ˈboːhɐrtíː/,yes,high,"enjoyment, satisfaction",,,
unit-50-celebrations,entertainment,noun,bohaartii,mukuu ba'uu,/ˈbɔhɑːrtíː/,yes,high,entertainment,,,
unit-50-celebrations,ornament,noun,foroora,dirii | saakura | abeenta | gonnobbee,/ˈfɔroːrɐ/,yes,medium,ornament,,,
unit-51-face-head,face,noun,fuula,kipha | wassee | goggoolboo | figgimsuu,/ˈfuːlɐ/,yes,high,face,,,
unit-51-face-head,forehead,noun,adda,bulloo | illee | booqaa | kiphuu,/ɐdːɐ/,yes,high,forehead,,,
unit-51-face-head,cheek,noun,maddii,boqota | daankaa,,no,high,cheek,,,
unit-51-face-head,chin,noun,maloolee,shangoobata,/ˈmɐloːléː/,no,medium,chin,,,
unit-51-face-head,jaw,noun,a'ama,boqota | manjalloo | mangagaa gubbaa | mangagaa jalaa,/ɐʔɐmɐ/,yes,high,jaw,,,
unit-51-face-head,eyelash,noun,nyaara,,,no,high,eyelash,,,
unit-51-face-head,nostril,noun,qaatee funyaanii,,/ˈkʼɑːteː fʊɲɑːníː/,no,high,nostril,,,
unit-51-face-head,gum,noun,ididdii,haancaa | alaanfattoo | alanfattoo | alteeta,/ɪdɪdːíː/,no,medium,gum,,,
unit-51-face-head,throat,noun,qoonqoo,kokkee | dodo'oo | aakkifachuu,,no,medium,throat,,,
unit-51-face-head,beard,noun,areeda,rifeensa areedaa | areeda baasuu,/ɐreːdɐ/,no,high,beard,,,
unit-51-face-head,moustache,noun,hephe,rifeensa afarsoo,/ˈhɛpʼɛ/,no,high,moustache,,,
unit-51-face-head,mustache,noun,afkarroo,areeda,/ɐfkɐrːóː/,yes,medium,mustache,,,
unit-51-face-head,skull,noun,buqqee mataa,,/ˈbʊkʼːeː mɐtɑ́ː/,yes,high,skull,,,
unit-51-face-head,brain,noun,hanqulla,surrii | hoji sammuu,/ˈhɐnkʼʊlːɐ/,no,medium,brain (medulla),,,
unit-51-face-head,wrinkle,noun,suntuuruu,shuntuuruu | minyaa | qoncoorsuu | suntuursuu,/ˈsʊntuːrúː/,no,medium,wrinkle,,,
unit-51-face-head,smile,noun,qummaadduu,seeqqachuu | qummaaduu | seequu | kofla,/ˈkʼʊmːɑːdːúː/,no,medium,sharp grass,,,
unit-51-face-head,tear,noun,imimmaan,immimamaan | biinxuu | ciruu | seexa'uu,/ɪmɪmːɑːn/,no,medium,tear,,,
unit-51-face-head,eyeball,noun,boolla ijaa,,/ˈboːlːɐ ɪd͡ʒɑ́ː/,yes,high,eyeball,,,
unit-51-face-head,eyelashes,noun,labooba,,/ˈlɐboːbɐ/,no,high,flame,,,
unit-51-face-head,palate,noun,laagaa,,/ˈlɑːɡɑ́ː/,no,high,palate,,,
unit-51-face-head,curl,noun,martuu,luuccaa,/ˈmɐrtúː/,no,medium,curl (type ot hair),,,
unit-51-face-head,tattoo,noun,niqisii,tumaa | tumuu | guraamalee | tumachuu,/ˈnɪkʼɪsíː/,no,medium,tattoo,,,
unit-51-face-head,scent,noun,foolii,fooliifuuchuu | fuunfachuu | suufuu,/ˈfoːlíː/,yes,medium,"smell, scent, odor",,,
unit-52-limbs-bones,elbow,noun,ciqilee,ciqilchuu,/ˈt͡ʃʼɪkʼɪléː/,yes,high,elbow,,,
unit-52-limbs-bones,thumb,noun,abbuudduu,abbudduu | abgudduu | abhudduu | abudduu,/ɐbːuːdːúː/,yes,medium,thumb,,,
unit-52-limbs-bones,knuckle,noun,buusaa,kurkumuu,/ˈbuːsɑ́ː/,yes,high,knuckle,,,
unit-52-limbs-bones,hip,noun,huffaa,luqqeettuu | mataa tafaa,/ˈhʊfːɑ́ː/,no,medium,hip,,,
unit-52-limbs-bones,thigh,noun,gudeeda,mataa tafaa | gudeeda dhiigsuu,/ˈɡʊdeːdɐ/,no,high,"thigh, lap",,,
unit-52-limbs-bones,ankle,noun,kibirii,korony'oo | koomee | faanga'uu,/ˈkɪbɪríː/,no,medium,ankle,,,
unit-52-limbs-bones,heel,noun,shonoo,taakkoo | hirba | shonee,/ˈʃɔnóː/,no,medium,heel,,,
unit-52-limbs-bones,bone,noun,lafee,boqota | buqqa'a | daankaa | dhuka,,no,high,bone,,,
unit-52-limbs-bones,spine,noun,miqiqqirii,gadamsa | marsisuu | dafqisiisuu | foosisuu,,no,high,"spine, backbone",,,
unit-52-limbs-bones,joint,noun,haangii,lilimma | dachaafattuu | hududduu | uka,/ˈhɑːnɡíː/,no,medium,joint,,,
unit-52-limbs-bones,muscle,noun,antuutee,hantuuttee | maashaa | maashaalee | irree,/ɐntuːtéː/,yes,medium,muscle,,,
unit-52-limbs-bones,tendon,noun,morgaa,mogolee | ribuu | mogoluu,/ˈmɔrɡɑ́ː/,no,high,"tendon, nerve",,,
unit-52-limbs-bones,ligament,noun,ribuu,,/ˈrɪbúː/,no,high,ligament,,,
unit-52-limbs-bones,waist,noun,mudhii,awwadachuu,/ˈmʊᶑíː/,no,high,"waist, line",,,
unit-52-limbs-bones,armpit,noun,bobaa,komoo | uka | rifeensa bobaa,/ˈbɔbɑ́ː/,yes,medium,armpit,,,
unit-52-limbs-bones,buttocks,noun,fagaara,hudduu | kofoo,/ˈfɐɡɑːrɐ/,yes,high,buttocks,,,
unit-52-limbs-bones,pelvis,noun,qinxii,,/ˈkʼɪntʼíː/,no,high,"flank, loins, pelvis",,,
unit-52-limbs-bones,calves,noun,jabbilee,jabboota | busaayee | hambawoo | tugga'uu,/ˈd͡ʒɐbːɪléː/,no,medium,"plural of calf, calves",,,
unit-52-limbs-bones,fist,noun,aboottuu,dabanaasa | aboottee | haboottaa | haboottifachuu,/ɐboːtːúː/,yes,medium,fist,,,
unit-52-limbs-bones,abdomen,noun,macoo,garaa,/ˈmɐt͡ʃʼóː/,no,medium,"abdomen, belly",,,
unit-52-limbs-bones,posture,noun,naqa,sansaankaa | dhaabbata | ijjata,/ˈnɐkʼɐ/,no,medium,posture,,,
unit-52-limbs-bones,stride,noun,tarkaanfii,tarkaanfachuu,/ˈtɐrkɑːnfíː/,no,high,a stride/ step,,,
unit-53-organs,lung,noun,somba,sombee,,no,high,lung,,,
unit-53-organs,liver,noun,tiruu,kochee | hakimii tiruu,/ˈtɪrúː/,no,high,liver,,,
unit-53-organs,kidney,noun,kalee,hephoo | odongoree,,no,high,kidney,,,
unit-53-organs,intestine,noun,mar'imaan,xeerii | mar'ummaan | macuree | mushii,/ˈmɐrʔɪmɑːn/,no,medium,"intestine,",,,
unit-53-organs,bladder,noun,afuuffee,hafuuffee,/ɐfuːfːéː/,yes,medium,bladder,,,
unit-53-organs,womb,noun,gadameessa,ulfa seexanaa,/ˈɡɐdɐmeːsːɐ/,no,high,"uterus, womb",,,
unit-53-organs,artery,noun,go'aa,hidda,/ˈɡɔʔɑ́ː/,no,medium,artery,,,
unit-53-organs,breath,noun,afuura,hafuura | afuursuu | ruhii | silliksuu,/ɐfuːrɐ/,yes,medium,breath.,,,
unit-53-organs,gland,noun,xandhacha,liqqamii | miciree xannachaa | ulfa seexanaa,/ˈtʼɐnᶑɐt͡ʃɐ/,no,high,gland,,,
unit-53-organs,hormone,noun,hoormoonii,,/ˈhoːrmoːníː/,no,high,hormone,,,
unit-53-organs,cell,noun,lubbiyyoo,miciree | dhagaa baatrii | hirmaata seelii | marsiyyaa miciree,/ˈlʊbːɪjːóː/,no,high,"germ, cell",,,
unit-53-organs,saliva,noun,logoga,xiiqqi,/ˈlɔɡɔɡɐ/,no,high,saliva,,,
unit-53-organs,urine,noun,fincaan,caancoo | uusoo,/ˈfɪnt͡ʃʼɑːn/,yes,high,urine,,,
unit-53-organs,marrow,noun,macharii,dhuka,/ˈmɐt͡ʃɐríː/,no,high,marrow,,,
unit-53-organs,bowels,noun,focoo,machoo | deeqqa'uu,/ˈfɔt͡ʃʼóː/,yes,medium,"bowels, entrails, insides",,,
unit-53-organs,embryo,noun,curraa,,/ˈt͡ʃʼʊrːɑ́ː/,yes,high,embryo,,,
unit-53-organs,mucus,noun,furrii,,/ˈfʊrːíː/,yes,high,mucus/ nasal discharge,,,
unit-53-organs,diaphragm,noun,afuddaa,,/ɐfʊdːɑ́ː/,yes,high,diaphragm,,,
unit-53-organs,oxygen,noun,hadhituu,,/ˈhɐᶑɪtúː/,no,high,oxygen,,,
unit-53-organs,vessel,noun,karfoo,aammoo | elemtuu | gongaa | hokolee,/ˈkɐrfóː/,no,high,vessel (for milking),,,
unit-53-organs,lobe,noun,nyabbaa,,/ˈɲɐbːɑ́ː/,no,high,lobe,,,
unit-54-illness,bruise,noun,harriiqqaa,godaannisa | haxiixxaa,/ˈhɐrːiːkʼːɑ́ː/,no,medium,bruise,,,
unit-54-illness,blister,noun,dhubba,,/ˈᶑʊbːɐ/,yes,high,blister,,,
unit-54-illness,allergy,noun,adanyoo,,/ɐdɐɲóː/,yes,high,allergy,,,
unit-54-illness,infection,noun,bacawwii,mimm'oo,/ˈbɐt͡ʃʼɐwːíː/,yes,high,infection,,,
unit-54-illness,disease,noun,hilbiisa,dhukkuba | dhibee | addeessaa | awwaaroo,/ˈhɪlbiːsɐ/,no,medium,good for nothing,,,
unit-54-illness,malaria,noun,urguftuu,owaangayuu,/ʊrɡʊftúː/,no,high,malaria,,,
unit-54-illness,measles,noun,yagudufii,gifira,/ˈjɐɡʊdʊfíː/,no,medium,measles,,,
unit-54-illness,diarrhea,noun,albaasa,albaatii | xeensa | kaasaa | albaasuu,/ɐlbɑːsɐ/,yes,medium,diarrhea,,,
unit-54-illness,nausea,noun,locaa,lollojji | loccuu,,no,medium,nausea,,,
unit-54-illness,vomiting,noun,haqqisa,lollojji,/ˈhɐkʼːɪsɐ/,no,high,vomiting,,,
unit-54-illness,pill,noun,kinniinii,,,no,high,pill,,,
unit-54-illness,vaccine,noun,talaala,,/ˈtɐlɑːlɐ/,no,high,vaccine,,,
unit-54-illness,syringe,noun,marfee,,/ˈmɐrféː/,no,high,"syringe, a device used for injecting or drawing fluids through a membrane.",,,
unit-54-illness,plaster,noun,dhoobuu,maraga | dhoobsisuu,/ˈᶑoːbúː/,yes,high,"smear, plaster (mud)",,,
unit-54-illness,healing,noun,fayyina,,/ˈfɐjːɪnɐ/,yes,high,"healing, salivation",,,
unit-54-illness,eczema,noun,suuka,sibiji,/ˈsuːkɐ/,no,medium,eczema,,,
unit-54-illness,epilepsy,noun,afkuta,gageabdoo,/ɐfkʊtɐ/,yes,high,epilepsy,,,
unit-54-illness,migraine,noun,bowwoo jaanjessaa,,/ˈbɔwːoː d͡ʒɑːnd͡ʒɛsːɑ́ː/,yes,high,migraine,,,
unit-54-illness,rabies,noun,nyanyee,,,no,high,rabies,,,
unit-54-illness,leprosy,noun,qurcummaa,qurcaawuu,/ˈkʼʊrt͡ʃʼʊmːɑ́ː/,no,high,leprosy,,,
unit-54-illness,diarrhoea,noun,garaa kaasa,,,no,high,diarrhoea,,,
unit-54-illness,poisoning,noun,hadheessii,summaa'u nyaata,/ˈhɐᶑeːsːíː/,no,high,poIsoning,,,
unit-54-illness,antidote,noun,areertii,,/ɐreːrtíː/,yes,high,"antidote, antivenin",,,
unit-54-illness,vaccination,noun,birkaana,talaallii,/ˈbɪrkɑːnɐ/,yes,medium,vaccination,,,
unit-54-illness,coughing,noun,qufaa,qoqqofa'uu,,no,high,"cough, coughing",,,
unit-55-clinic,midwife,noun,ogeettii,,/ɔɡeːtːíː/,no,high,"midwife, skilled (of fem)",,,
unit-55-clinic,physician,noun,cireessa,haakimii | hakimii | hakiimii | haadha qorichaa,/ˈt͡ʃʼɪreːsːɐ/,yes,high,physician,,,
unit-55-clinic,patient,noun,waldhaanamaa,dhibamtuu | dabarfachuu | danda'uu | yaalchisuu,/ˈwɐlᶑɑːnɐmɑ́ː/,no,high,patient,,,
unit-55-clinic,clinic,noun,kilinika,mana hakiimii,/ˈkɪlɪnɪkɐ/,no,high,clinic,,,
unit-55-clinic,pharmacy,noun,mangorichaa,mana qorichaa,/ˈmɐnɡɔrɪt͡ʃɑ́ː/,no,high,pharmacy,,,
unit-55-clinic,laboratory,noun,laaboraatorii,,/ˈlɑːbɔrɑːtɔríː/,no,high,laboratory,,,
unit-55-clinic,accident,noun,balaa,,/ˈbɐlɑ́ː/,yes,high,accident,,,
unit-55-clinic,safety,noun,nageenya,nageenyabiyyoolessaa | ooguu,/ˈnɐɡeːɲɐ/,no,high,"safety, well being",,,
unit-55-clinic,helmet,noun,mateela,,/ˈmɐteːlɐ/,no,high,helmet,,,
unit-55-clinic,warning,noun,akeekkachiisa,dinnina | dinninuu | beekkachiisa | beekkachiisuu,/ɐkeːkːɐt͡ʃiːsɐ/,yes,medium,warning,,,
unit-55-clinic,inspection,noun,soqiisa,,/ˈsɔkʼiːsɐ/,no,high,"searching, inspection",,,
unit-55-clinic,diet,noun,soorata,soorata madaalamaa | bilaanbiloo,/ˈsoːrɐtɐ/,no,medium,"diet, food, nourishment",,,
unit-55-clinic,care,noun,miideessa,eeggannaa | mararfacha | miideessuu | wal'aansa,/ˈmiːdeːsːɐ/,no,medium,care,,,
unit-55-clinic,advice,noun,gorsa,mari'annaa,/ˈɡɔrsɐ/,no,medium,"advice, suggestion",,,
unit-55-clinic,appointment,noun,baallama,beellama | dhaaba | dhaabbii | beellamaa,/ˈbɑːlːɐmɐ/,yes,medium,appointment,,,
unit-55-clinic,dentist,noun,hakiimii ilkaanii,hakimii ilkaanii,,no,high,dentist,,,
unit-55-clinic,examiner,noun,qorataa,malaguu,/ˈkʼɔrɐtɑ́ː/,no,medium,"researcher, examiner, tester",,,
unit-55-clinic,inspector,noun,to'attuu,,/ˈtɔʔɐtːúː/,no,high,inspector (fem),,,
unit-55-clinic,rehabilitation,noun,qaroomsa,,/ˈkʼɐroːmsɐ/,no,high,rehabilitation,,,
unit-55-clinic,prevention,noun,dalamsa,,/ˈdɐlɐmsɐ/,yes,high,"hindrance, prevention",,,
unit-55-clinic,precaution,noun,ofeeguu,,/ɔfeːɡúː/,no,high,"precaution, self defense",,,
unit-55-clinic,readiness,noun,qophaayina,,/ˈkʼɔpʼɑːjɪnɐ/,no,high,readiness,,,
unit-55-clinic,assistance,noun,gargaarasa,gargaarsa | daaqonii,/ˈɡɐrɡɑːrɐsɐ/,no,medium,assistance,,,
unit-55-clinic,guidance,noun,qajeelfama,,/ˈkʼɐd͡ʒeːlfɐmɐ/,no,high,"guidance, directives",,,
unit-55-clinic,shelter,noun,da'oo,dahachoo | dacheessuu | daheesuu | mana bulmaataa,/ˈdɐʔóː/,yes,medium,shelter,,,
unit-56-feelings-happy,happiness,noun,jija,qannoo,,no,medium,happiness,,,
unit-56-feelings-happy,pleasure,noun,qannoo,basaquu,/ˈkʼɐnːóː/,no,high,luxury,,,
unit-56-feelings-happy,delight,noun,bohaarsuu,,/ˈbɔhɑːrsúː/,yes,high,to entertain,,,
unit-56-feelings-happy,laughter,noun,kolfa,basaquu,,no,high,laughter,,,
unit-56-feelings-happy,comfort,noun,makkoo,qananii | badhaadha,/ˈmɐkːóː/,no,medium,comfort,,,
unit-56-feelings-happy,friendship,noun,michoomummaa,firummaa,/ˈmɪt͡ʃoːmʊmːɑ́ː/,no,medium,friendship,,,
unit-56-feelings-happy,sorrow,noun,addeenna,addeenya | gadda | garaa booressuu,/ɐdːeːnːɐ/,yes,medium,whiteness,,,
unit-56-feelings-happy,grief,noun,boossiftuu,,/ˈboːsːɪftúː/,yes,high,professional mourner something that causes to weep/ grief (fem),,,
unit-56-feelings-happy,loneliness,noun,ko'ummaa,kophumma,/ˈkɔʔʊmːɑ́ː/,no,medium,loneliness,,,
unit-56-feelings-happy,misery,noun,abasaa,gidiraa | darara | fitnaa | dhiphuu,/ɐbɐsɑ́ː/,yes,medium,misery,,,
unit-56-feelings-happy,disappointment,noun,mufata,mufannaa,/ˈmʊfɐtɐ/,no,medium,disappointment,,,
unit-56-feelings-happy,regret,noun,gaabbii,seenaa | gaabbuu | sheena'uu | gaabbisiisuu,/ˈɡɑːbːíː/,no,medium,regret,,,
unit-56-feelings-happy,longing,noun,halcaa,dharraa | yaaddoo | yaadamuu,/ˈhɐlt͡ʃʼɑ́ː/,no,high,longing,,,
unit-56-feelings-happy,mood,noun,inaajii,ookkoo | dallansisuu | jinaa'uu,/ɪnɑːd͡ʒíː/,no,high,"mood, style",,,
unit-56-feelings-happy,feeling,noun,anniisaa,obobsa | sabboonaa | sabboontuu | sinsinnii,/ɐnːiːsɑ́ː/,yes,high,see 'dhuka',,,
unit-56-feelings-happy,emotion,noun,miirbu'uuree,miira | bakfachuu | hamilee cabsuu,/ˈmiːrbʊʔuːréː/,no,medium,emotion,,,
unit-56-feelings-happy,relief,noun,obbaafata,furaa | furamuu | hooquu,/ɔbːɑːfɐtɐ/,no,high,relief,,,
unit-56-feelings-happy,hopeful,noun,abdataa,,/ɐbdɐtɑ́ː/,yes,high,hopeful,,,
unit-56-feelings-happy,closeness,noun,dhiyeenya,,/ˈᶑɪjeːɲɐ/,yes,high,"nearness, closeness",,,
unit-56-feelings-happy,fun,noun,kolacha,bashannanuu | ga'isa | ga'isuu,/ˈkɔlɐt͡ʃɐ/,no,high,fun,,,
unit-56-feelings-happy,amazement,noun,maalaloo,,/ˈmɑːlɐlóː/,no,high,"admiration, amazement",,,
unit-56-feelings-happy,affectionate,noun,mararsisaa,,/ˈmɐrɐrsɪsɑ́ː/,no,high,affectionate(male),,,
unit-56-feelings-happy,goodness,noun,gaarumina,gaarummaa,/ˈɡɑːrʊmɪnɐ/,no,medium,goodness,,,
unit-57-feelings-fear,terror,noun,goolii,goolii diimaa,/ˈɡoːlíː/,no,high,"violence, disturbance, terror",,,
unit-57-feelings-fear,horror,noun,naasuu,,,no,high,horror,,,
unit-57-feelings-fear,panic,noun,shororkaa,baaraga,,no,medium,panic,,,
unit-57-feelings-fear,worry,noun,cinqaa,dhiphachuu | yaaddoo | yaadda'uu | mankaraaruu,/ˈt͡ʃʼɪnkʼɑ́ː/,yes,medium,worry/tension,,,
unit-57-feelings-fear,anxiety,noun,siqiqa,yaaddessuu,/ˈsɪkʼɪkʼɐ/,no,high,anxiety,,,
unit-57-feelings-fear,shock,noun,tuulama,suukanneessuu | rifachuu,/ˈtuːlɐmɐ/,no,medium,"shock, pile, stored",,,
unit-57-feelings-fear,hatred,noun,jibba,jibbina,,no,high,"hate, hatred",,,
unit-57-feelings-fear,jealousy,noun,inaaffi,weenna | hinaaffii | goomii,/ɪnɑːfːɪ/,no,medium,jealousy,,,
unit-57-feelings-fear,envy,noun,hinaaffii,goomii | inaafuu | goomachiisuu | walhinaafuu,,no,medium,envy,,,
unit-57-feelings-fear,revenge,noun,aaloo,ijaa | booree | dhiiga baasa | haaloo,/ɑːlóː/,yes,medium,protocol,,,
unit-57-feelings-fear,grudge,noun,komannaa,quuqqaa | komii | aalachuu,/ˈkɔmɐnːɑ́ː/,no,medium,a grudge,,,
unit-57-feelings-fear,silence,noun,calleensa,callisa,/ˈt͡ʃʼɐlːeːnsɐ/,yes,medium,silence,,,
unit-57-feelings-fear,bravery,noun,dhiirummaa,goonummaa | gootummaa,/ˈᶑiːrʊmːɑ́ː/,yes,medium,being a man,,,
unit-57-feelings-fear,surprise,noun,amankaaka,dinqisiisuu | raajii | maadeeffachuu | maalalchuu,/ɐmɐnkɑːkɐ/,yes,high,surprise,,,
unit-57-feelings-fear,anguish,noun,darara,injifachiisuu,/ˈdɐrɐrɐ/,yes,high,"anguish, misery, agony, problem",,,
unit-57-feelings-fear,despair,noun,hijibbaata,ijibbaata,/ˈhɪd͡ʒɪbːɑːtɐ/,no,medium,despair,,,
unit-57-feelings-fear,distress,noun,damacaa,rakkina | rakkachuu,/ˈdɐmɐt͡ʃʼɑ́ː/,yes,medium,flat stone for crushing cotton,,,
unit-57-feelings-fear,remorse,noun,seenaa,gara nyaattoo,,no,high,history,,,
unit-57-feelings-fear,bitterness,noun,hadheenya,,/ˈhɐᶑeːɲɐ/,no,high,bitterness,,,
unit-57-feelings-fear,enmity,noun,farrummaa,nyaaphummaa,/ˈfɐrːʊmːɑ́ː/,yes,medium,enmity,,,
unit-57-feelings-fear,hostility,noun,amajajummaa,,/ɐmɐd͡ʒɐd͡ʒʊmːɑ́ː/,yes,high,"hostility, antagonism",,,
unit-57-feelings-fear,humiliation,noun,salphina,,,no,high,disgrace,,,
unit-57-feelings-fear,disgust,noun,nuffii,gofonnonuu | suuka'uu,/ˈnʊfːíː/,no,medium,"disgust ,bore",,,
unit-57-feelings-fear,suspicion,noun,shakkii,cicannoo | bir'a | bir'achuu,,no,medium,doubt,,,
unit-57-feelings-fear,hesitation,noun,mamii,,/ˈmɐmíː/,no,high,hesitation,,,
unit-58-character,generosity,noun,arjummaa,arjooma | raamata,/ɐrd͡ʒʊmːɑ́ː/,yes,medium,generosity,,,
unit-58-character,gentleness,noun,aannanummaa,dansuma,/ɑːnːɐnʊmːɑ́ː/,yes,medium,milky,,,
unit-58-character,politeness,noun,tuujubamaa,,/ˈtuːd͡ʒʊbɐmɑ́ː/,no,high,politeness,,,
unit-58-character,obedience,noun,abboomama,,/ɐbːoːmɐmɐ/,yes,high,obedience,,,
unit-58-character,cleverness,noun,abshaalummaa,qaruuxummaa | qaanqurooma,/ɐbʃɑːlʊmːɑ́ː/,yes,medium,cleverness,,,
unit-58-character,laziness,noun,dhibaa'ummaa,,/ˈᶑɪbɑːʔʊmːɑ́ː/,yes,high,laziness,,,
unit-58-character,arrogance,noun,oftuulummaa,,/ɔftuːlʊmːɑ́ː/,no,high,"arrogance, proudy chauvinisme, false pride,",,,
unit-58-character,selfishness,noun,doqnumma,doqnoomuu,/ˈdɔkʼnʊmːɐ/,yes,high,"meanness, selfishness",,,
unit-58-character,cruelty,noun,hammeenya,hammina,,no,medium,cruelty,,,
unit-58-character,coward,noun,nadheen,nadhoo,/ˈnɐᶑeːn/,no,medium,woman,,,
unit-58-character,liar,noun,buuftuu,uffee | haadha sobaa,/ˈbuːftúː/,yes,high,a woman who fans fire with a pair of bellows,,,
unit-58-character,thief,noun,hattuu,afarsaataa,,no,high,thief,,,
unit-58-character,fool,noun,jiraaroo,gowwoomsuu | faajjeessuu | gowwoomuu | faajawuu,/ˈd͡ʒɪrɑːróː/,no,high,fool,,,
unit-58-character,idiot,noun,gadareessa,gowwaa | fujujuu | yaraa,/ˈɡɐdɐreːsːɐ/,no,medium,idiot,,,
unit-58-character,bully,noun,sossodaachisuu,,/ˈsɔsːɔdɑːt͡ʃɪsúː/,no,high,"black maily, bully, threaten",,,
unit-58-character,manner,noun,akkii,cufaatii | kottonfannaa | baalagoomuu | xeebuu,/ɐkːíː/,yes,high,"situation, manner, condition",,,
unit-58-character,habit,noun,bartee,haraaraa,/ˈbɐrtéː/,yes,high,habit,,,
unit-58-character,cunning,noun,qarummaa,,/ˈkʼɐrʊmːɑ́ː/,no,high,intellectual,,,
unit-58-character,dignity,noun,manyaaqa,marabbaa | surraa | manyaaquu | maanyaaquu,/ˈmɐɲɑːkʼɐ/,no,medium,dignity,,,
unit-58-character,generous,noun,toltuu,toluu | arjoomuu,/ˈtɔltúː/,no,high,generous. (of fem),,,
unit-58-character,foolishness,noun,gowwummaa,,/ˈɡɔwːʊmːɑ́ː/,no,high,"foolishness, stupidity",,,
unit-58-character,stupidity,noun,dheegalumma,gowwummaa | raatummaa | wallaala,/ˈᶑeːɡɐlʊmːɐ/,yes,medium,"stupidity, ignorance",,,
unit-58-character,timid,noun,dhalfa,,/ˈᶑɐlfɐ/,yes,high,reproductive organ of a cow,,,
unit-58-character,careless,noun,garaagatuu,,/ˈɡɐrɑːɡɐtúː/,no,high,"over confident, careless",,,
unit-58-character,sincerity,noun,dugaadhaan,,/ˈdʊɡɑːᶑɑːn/,yes,high,sincerity,,,
unit-59-relatives,cousin,noun,durbii,dubrii | ilma adeeraa | ilma eessumaa,/ˈdʊrbíː/,yes,medium,cousin,,,
unit-59-relatives,sibling,noun,daabaloo,garoo,/ˈdɑːbɐlóː/,yes,medium,sibling,,,
unit-59-relatives,siblings,noun,obbolaa,,/ɔbːɔlɑ́ː/,no,high,siblings,,,
unit-59-relatives,stepfather,noun,abbaaddaa,abbaa buddeenaa,/ɐbːɑːdːɑ́ː/,yes,high,stepfather,,,
unit-59-relatives,stepmother,noun,ayyaaddaa,,/ɐjːɑːdːɑ́ː/,yes,high,stepmother,,,
unit-59-relatives,infant,noun,wucii,daa'ima | sabiyyii,/ˈwʊt͡ʃʼíː/,no,medium,"young of birds and chickens,",,,
unit-59-relatives,toddler,noun,kurkura,,/ˈkʊrkʊrɐ/,no,high,toddler (of male child),,,
unit-59-relatives,youngster,noun,dardarumma,,/ˈdɐrdɐrʊmːɐ/,yes,high,youngster,,,
unit-59-relatives,teenager,noun,yarsuma,,,no,high,teenager,,,
unit-59-relatives,adult,noun,ga'eessa,namguddaa | xiqqaa guddaa | guddachuu,/ˈɡɐʔeːsːɐ/,no,medium,adult,,,
unit-59-relatives,spouse,noun,warra,,/ˈwɐrːɐ/,no,high,"family, household, relatives",,,
unit-59-relatives,homestead,noun,onnoo,,/ɔnːóː/,no,high,homestead,,,
unit-59-relatives,kinship,noun,qaccee,,/ˈkʼɐt͡ʃʼːéː/,no,high,whip,,,
unit-59-relatives,genealogy,noun,lakkoofsa sanyii,,/ˈlɐkːoːfsɐ sɐɲíː/,no,high,genealogy,,,
unit-59-relatives,dowry,noun,naqata,gabbara | tirmaa | dungusee | ufiisaa,/ˈnɐkʼɐtɐ/,no,medium,dowry,,,
unit-59-relatives,fiance,noun,kaadhima,,/ˈkɑːᶑɪmɐ/,no,high,"betrothed person, fiance",,,
unit-59-relatives,fiancee,noun,kaadhimaa,,,no,high,fiancee,,,
unit-59-relatives,bachelor,noun,qeerroo,leegummaa | qeerrummaa,,no,high,bachelor,,,
unit-59-relatives,mothers,noun,aayyolee,,/ɑːjːɔléː/,yes,high,mothers,,,
unit-59-relatives,parenthood,noun,abbaadhummaa,,/ɐbːɑːᶑʊmːɑ́ː/,yes,high,parenthood,,,
unit-59-relatives,infancy,noun,kichummaa,,/ˈkɪt͡ʃʊmːɑ́ː/,no,high,infancy,,,
unit-59-relatives,adolescence,noun,dargaggumma,saafila | dargaggoomuu,/ˈdɐrɡɐɡːʊmːɐ/,yes,medium,youth hood/adolescence,,,
unit-59-relatives,maternity,noun,haadhummaa,,/ˈhɑːᶑʊmːɑ́ː/,no,high,maternity,,,
unit-60-friends,team,noun,gartuu,tuuta | garoo | qaroo | hojii garee,,no,medium,team,,,
unit-60-friends,visitor,noun,daaw'ataa,,/ˈdɑːwʔɐtɑ́ː/,yes,high,visitor,,,
unit-60-friends,conversation,noun,diddiirama,haasaa | qaaqa | haasaa bilbilaa,/ˈdɪdːiːrɐmɐ/,yes,medium,conversation,,,
unit-60-friends,talk,noun,qaaqa,odeessuu | qaaquu | aasa'uu | oduu,/ˈkʼɑːkʼɐ/,no,medium,"talk, conversation",,,
unit-60-friends,secret,noun,iccitii,dhoksaa | baalkosaa | maltummaa | danquu,,no,medium,secret,,,
unit-60-friends,trust,noun,amaanaa,abdachuu | amanachuu | kennata | yabeessa,/ɐmɑːnɑ́ː/,yes,high,trust,,,
unit-60-friends,argument,noun,falmii,atakaroo | dubbii | qoccolloo,/ˈfɐlmíː/,yes,medium,argument,,,
unit-60-friends,apology,noun,dhiifama,magaanteftachuu,/ˈᶑiːfɐmɐ/,yes,medium,"absolution, pardonable",,,
unit-60-friends,forgiveness,noun,faanchoo,araarii | aagii | maaruu,/ˈfɑːnt͡ʃóː/,yes,medium,forgiveness,,,
unit-60-friends,comrade,noun,jaallee,,/ˈd͡ʒɑːlːéː/,no,high,comrade,,,
unit-60-friends,follower,noun,faana dhahaa,,/ˈfɑːnɐ ᶑɐhɑ́ː/,yes,high,"follower, tracer",,,
unit-60-friends,guardian,noun,gudee,eegduu | hadraa | jaarii,/ˈɡʊdéː/,no,medium,a term used to address ones mother,,,
unit-60-friends,keeper,noun,eegduu,haragoo | karrooyyee,/eːɡdúː/,yes,high,"keeper, guardian, attendant (female)",,,
unit-60-friends,hostess,noun,keessummessituu,haadha keessummaa,/ˈkeːsːʊmːɛsːɪtúː/,no,high,hostess,,,
unit-60-friends,welcoming,noun,simannaa,,/ˈsɪmɐnːɑ́ː/,no,high,"reception, welcoming",,,
unit-60-friends,gossip,noun,baaltii,ususuu | maqaa dhawuu,/ˈbɑːltíː/,yes,medium,"gossip, hearsay, jokes",,,
unit-60-friends,reconciliation,noun,atoomsa,araara,/ɐtoːmsɐ/,yes,medium,arbitration /reconciliation,,,
unit-60-friends,disagreement,noun,walbadiinsa,waldiddaa | ciqilfamuu | ciqilfachuu | waldiduu,,no,medium,disagreement,,,
unit-60-friends,betrayal,noun,waakkii,,/ˈwɑːkːíː/,no,high,frugality or parsimony,,,
unit-60-friends,collaborator,noun,keettoo,,/ˈkeːtːóː/,no,high,spy one who follow-up an affair,,,
unit-60-friends,participant,noun,qooddataa,,/ˈkʼoːdːɐtɑ́ː/,no,high,"participant, character",,,
unit-60-friends,member,noun,miseensa,gogeessa | dhalataa | Oromoo | dhalata fardaa,/ˈmɪseːnsɐ/,no,medium,member,,,
unit-60-friends,membership,noun,miseensummaa,,/ˈmɪseːnsʊmːɑ́ː/,no,high,membership,,,
unit-61-sky,sunrise,noun,bahiisa aduu,,/ˈbɐhiːsɐ ɐdúː/,yes,high,sunrise,,,
unit-61-sky,sunset,noun,seensa aduu,,,no,high,sunset,,,
unit-61-sky,daytime,noun,guyyaa,,/ˈɡʊjːɑ́ː/,no,high,"day, during the day, daytime",,,
unit-61-sky,midnight,noun,waarii,waari'uu,,no,high,midnight,,,
unit-61-sky,twilight,noun,basakkaa,dimimmisa,/ˈbɐsɐkːɑ́ː/,yes,medium,twilight,,,
unit-61-sky,shadow,noun,gaaddisa,gaadidduu | caayaa,/ˈɡɑːdːɪsɐ/,no,medium,shadow,,,
unit-61-sky,eclipse,noun,addidduu,golga aduu,/ɐdːɪdːúː/,yes,high,eclipse,,,
unit-61-sky,planet,noun,bakkallee,fakkardi | pilaaneetii | bakkallooma,/ˈbɐkːɐlːéː/,yes,medium,planet,,,
unit-61-sky,universe,noun,addunyaalee,marlaaltoo | ruuda,/ɐdːʊɲɑːléː/,yes,medium,universe,,,
unit-61-sky,galaxy,noun,ruuda,,/ˈruːdɐ/,no,high,galaxy,,,
unit-61-sky,space,noun,hawaa,ittaansamuu | hiddoo | qawweechaa | siqfata,/ˈhɐwɑ́ː/,no,high,space,,,
unit-61-sky,orbit,noun,dannaba,jeema | holqa mukaa,/ˈdɐnːɐbɐ/,yes,medium,orbit,,,
unit-61-sky,horizon,noun,dayeesa,giranba,/ˈdɐjeːsɐ/,yes,medium,horizon,,,
unit-61-sky,asteroid,noun,akkurjii,,/ɐkːʊrd͡ʒíː/,yes,high,asteroid,,,
unit-61-sky,zenith,noun,gubbee,,/ˈɡʊbːéː/,no,high,top of the head,,,
unit-61-sky,equinox,noun,cinguyyaa,,/ˈt͡ʃʼɪnɡʊjːɑ́ː/,yes,high,equinox,,,
unit-61-sky,hemisphere,noun,gamardoo,,/ˈɡɐmɐrdóː/,no,high,hemisphere,,,
unit-61-sky,altitude,noun,ol fageenya,,/ɔl fɐɡeːɲɐ/,no,high,altitude,,,
unit-61-sky,latitude,noun,dagala,,/ˈdɐɡɐlɐ/,yes,high,latitude,,,
unit-61-sky,globe,noun,mulullee,,/ˈmʊlʊlːéː/,no,high,"ophere,globe",,,
unit-61-sky,glimmer,noun,culaancullee,,/ˈt͡ʃʼʊlɑːnt͡ʃʼʊlːéː/,yes,high,gleam/ glimmer/ glint,,,
unit-61-sky,glowing,noun,finiina,dibaa | mukukkula | hamilee finiinaa,/ˈfɪniːnɐ/,yes,high,glowing,,,
unit-61-sky,midday,noun,guyyaa saafaa,waaree,/ˈɡʊjːɑː sɑːfɑ́ː/,no,high,"at noon, midday",,,
unit-62-weather-more,drizzle,noun,tiifuu,qacacuu | karfaffuu | tittifuu,/ˈtiːfúː/,no,medium,"drizzle, shower",,,
unit-62-weather-more,whirlwind,noun,hobonboleessa,ububbee,/ˈhɔbɔnbɔleːsːɐ/,no,medium,"whirlwind, storm",,,
unit-62-weather-more,tornado,noun,obbombolessa,obomboleessa,/ɔbːɔmbɔlɛsːɐ/,no,medium,"tornado, cyclone",,,
unit-62-weather-more,cloudy,noun,booruu,booreffamuu | dukukuu | boora'uu,/ˈboːrúː/,yes,high,impure/ cloudy/ turbid,,,
unit-62-weather-more,windy,noun,bubbisaa,mirgisuu,/ˈbʊbːɪsɑ́ː/,yes,high,"windy, blowing",,,
unit-62-weather-more,rainy,noun,rooba,darabii | wasoraa | mirgisuu | roobaan jireetti,/ˈroːbɐ/,no,high,"rain, rainy",,,
unit-62-weather-more,climate,noun,akkuleensa,,/ɐkːʊleːnsɐ/,yes,high,climate,,,
unit-62-weather-more,forecast,noun,raagama,,/ˈrɑːɡɐmɐ/,no,high,forecast,,,
unit-62-weather-more,moisture,noun,jiidha,jiifamuu | xuuxxachuu,/ˈd͡ʒiːᶑɐ/,no,high,moisture,,,
unit-62-weather-more,evaporation,noun,hurkaa,,/ˈhʊrkɑ́ː/,no,high,"vapor, evaporation",,,
unit-62-weather-more,chill,noun,dhaamocha,qorra | waaqlaalee,/ˈᶑɑːmɔt͡ʃɐ/,yes,medium,cause to cool (male),,,
unit-62-weather-more,warming,noun,o'isa,immisa | qaammannaa,/ɔʔɪsɐ/,no,high,"warming, heating",,,
unit-62-weather-more,cooling,noun,qabbanessa,,/ˈkʼɐbːɐnɛsːɐ/,no,high,cooling,,,
unit-62-weather-more,earthquake,noun,kirkira lafaa,,,no,high,earthquake,,,
unit-62-weather-more,erosion,noun,galoo,lolaa | dhiqam biyyee,/ˈɡɐlóː/,no,medium,"erosion, flood",,,
unit-62-weather-more,tropics,noun,gammoojjii,,/ˈɡɐmːoːd͡ʒːíː/,no,high,"lowland, tropics, desert",,,
unit-62-weather-more,dried,noun,gu'eessa,qoonxaa | qonxaa | goggogaa | hanfalii,/ˈɡʊʔeːsːɐ/,no,medium,"a cow with dried milk, dried",,,
unit-63-water,pond,noun,eela,,/eːlɐ/,yes,high,pond,,,
unit-63-water,puddle,noun,malbii,raaree | corroqa | bocoluu | bocorroquu,/ˈmɐlbíː/,no,medium,puddle,,,
unit-63-water,ocean,noun,maanya,garba,/ˈmɑːɲɐ/,no,medium,ocean,,,
unit-63-water,bay,noun,sarxii,haroo galaanaa | boora qamadii,/ˈsɐrtʼíː/,no,high,bay,,,
unit-63-water,beach,noun,caffoo,,/ˈt͡ʃʼɐfːóː/,yes,high,beach,,,
unit-63-water,wave,noun,danbalii,dambalii | ungulaala | lalachuu,/ˈdɐnbɐlíː/,yes,medium,wave,,,
unit-63-water,waterfall,noun,fincaa'aa,huursuu,/ˈfɪnt͡ʃʼɑːʔɑ́ː/,yes,high,waterfall,,,
unit-63-water,dam,noun,hidha,,/ˈhɪᶑɐ/,no,high,dam,,,
unit-63-water,canal,noun,yaa'a,bo'eessuu,/ˈjɑːʔɐ/,no,high,flow,,,
unit-63-water,swamp,noun,dhaqdhaqii,raaree | caffee,/ˈᶑɐkʼᶑɐkʼíː/,yes,medium,swamp,,,
unit-63-water,marsh,noun,dhadhaqii,caffee | leepho | dhidhimuu,/ˈᶑɐᶑɐkʼíː/,yes,medium,marsh,,,
unit-63-water,harbor,noun,malkee,,/ˈmɐlkéː/,no,high,"harbor, port",,,
unit-63-water,tributary,noun,jalliyaan,,/ˈd͡ʒɐlːɪjɑːn/,no,high,tributary,,,
unit-63-water,catchment,noun,kiliwwee,,/ˈkɪlɪwːéː/,no,high,catchment (area),,,
unit-63-water,delta,noun,dalaliyyaa,,/ˈdɐlɐlɪjːɑ́ː/,yes,high,delta,,,
unit-63-water,gully,noun,boroborii,dolool'oo,/ˈbɔrɔbɔríː/,yes,medium,gully,,,
unit-63-water,ditch,noun,bo'oo,murraa,/ˈbɔʔóː/,yes,high,ditch,,,
unit-63-water,oasis,noun,adaalqaljii,,/ɐdɑːlkʼɐld͡ʒíː/,yes,high,oasis,,,
unit-63-water,glacier,noun,kuusaa cabbii,,/ˈkuːsɑː t͡ʃʼɐbːíː/,no,high,glacier,,,
unit-63-water,leakage,noun,dhimmuu,dhimphuu,/ˈᶑɪmːúː/,yes,high,"leakage, usually rain",,,
unit-63-water,pipe,noun,ujummoo,aloolloo | hujummoo bishaanii,,no,high,"pipe, tube",,,
unit-63-water,dive,noun,culluxxee,lilimuu,/ˈt͡ʃʼʊlːʊtʼːéː/,yes,high,dive,,,
unit-64-land,highland,noun,baddaa,ilaala,/ˈbɐdːɑ́ː/,yes,high,highland,,,
unit-64-land,canyon,noun,bowwaa,,/ˈbɔwːɑ́ː/,yes,high,"cave, canyon",,,
unit-64-land,gorge,noun,fodooddoo,qilee | foluu | hallayyaa qilee,/ˈfɔdoːdːóː/,yes,high,"gorge, i.e. opening",,,
unit-64-land,plain,noun,leexaa,alabicha | attaa | badaasaa | godoomuu,/ˈleːtʼɑ́ː/,no,high,un loaded draft animal,,,
unit-64-land,plateau,noun,koobii,abaxallaloo,/ˈkoːbíː/,no,high,"hill, plateau",,,
unit-64-land,jungle,noun,bosona,,/ˈbɔsɔnɐ/,yes,high,"forest, jungle",,,
unit-64-land,wilderness,noun,warab,ona | alloo | corree | lafa onaa,/ˈwɐrɐb/,no,medium,wilderness,,,
unit-64-land,boulder,noun,jigoo,,/ˈd͡ʒɪɡóː/,no,high,"boulder, landslip, land slide",,,
unit-64-land,pebble,noun,cancullee,qacaacullec | saddeeqa,/ˈt͡ʃʼɐnt͡ʃʼʊlːéː/,yes,medium,pebble,,,
unit-64-land,ground,noun,martata,dachee | qocqocaa | lafa | bullaa'uu,/ˈmɐrtɐtɐ/,no,medium,ground,,,
unit-64-land,ridge,noun,bungulluu,abaxallaloo | xiwoo | gadamsa,/ˈbʊnɡʊlːúː/,yes,medium,ridge,,,
unit-64-land,peak,noun,qarree,,,no,high,"summit, peak (of a mountain)",,,
unit-64-land,slope,noun,labbaa,,/ˈlɐbːɑ́ː/,no,high,"slope, area of steep land",,,
unit-64-land,topography,noun,adoolfa,hatila | teessuma lafaa,/ɐdoːlfɐ/,yes,medium,topography,,,
unit-64-land,peninsula,noun,edegoo,,/ɛdɛɡóː/,yes,high,peninsula,,,
unit-64-land,meadow,noun,araddee,,/ɐrɐdːéː/,yes,high,meadow,,,
unit-64-land,hollow,noun,qotaa,olqeessuu | harawwa | homborokkee | qasamii,/ˈkʼɔtɑ́ː/,no,medium,"fortification plow, hollow",,,
unit-64-land,mound,noun,guttee,kubee | kobbii | koobii | kaabii,/ˈɡʊtːéː/,no,medium,mound,,,
unit-64-land,trench,noun,beroo,,/ˈbɛróː/,yes,high,trench (protection for soldiers),,,
unit-64-land,terrace,noun,daaga,sangii,/ˈdɑːɡɐ/,yes,medium,terrace,,,
unit-64-land,boundary,noun,daangaa,dimbara | daarii | daangessuu,/ˈdɑːnɡɑ́ː/,yes,medium,boundary,,,
unit-64-land,landscape,noun,dalgeessa,caffaa,/ˈdɐlɡeːsːɐ/,yes,high,landscape,,,
unit-64-land,cavity,noun,boolla'oo,holqoo | keessa ilkaanii,/ˈboːlːɐʔóː/,yes,medium,cavity,,,
unit-65-plants-more,bough,noun,dankuu,handaaraa,/ˈdɐnkúː/,yes,high,bough,,,
unit-65-plants-more,petal,noun,baaldaraa,baaldanee,/ˈbɑːldɐrɑ́ː/,yes,high,petal,,,
unit-65-plants-more,seeds,noun,abuura,ungaayee | beessalaa | damacuu | facaasuu,/ɐbuːrɐ/,yes,high,proposal,,,
unit-65-plants-more,shrub,noun,karabaa,geeshee,/ˈkɐrɐbɑ́ː/,no,medium,shrub,,,
unit-65-plants-more,timber,noun,saanqaa,jiima-gordannaa,,no,high,timber,,,
unit-65-plants-more,fern,noun,kaarroo,,/ˈkɑːrːóː/,no,high,fern,,,
unit-65-plants-more,lily,noun,jorroo,,/ˈd͡ʒɔrːóː/,no,high,lily,,,
unit-65-plants-more,clover,noun,siddisa,,,no,high,clover,,,
unit-65-plants-more,acacia,noun,gololee,doddota | doddotii | garbii | laaftoo,/ˈɡɔlɔléː/,no,high,valley,,,
unit-65-plants-more,eucalyptus,noun,baargamoo,,/ˈbɑːrɡɐmóː/,yes,high,eucalyptus,,,
unit-65-plants-more,juniper,noun,mi'eessaa,gaattiraa,,no,high,juniper,,,
unit-65-plants-more,algae,noun,saaphuyyee,waabara | saphaphuu,/ˈsɑːpʼʊjːéː/,no,high,algae,,,
unit-65-plants-more,twig,noun,felleencoo,cafaqaa | ulumaayaa | heennaa,/ˈfɛlːeːnt͡ʃʼóː/,yes,high,twig,,,
unit-65-plants-more,reed,noun,shambaqqoo,gobeensa | migira,/ˈʃɐmbɐkʼːóː/,yes,high,reed,,,
unit-65-plants-more,flax,noun,qonxar,,/ˈkʼɔntʼɐr/,no,high,flax,,,
unit-65-plants-more,botany,noun,barnooqila,,/ˈbɐrnoːkʼɪlɐ/,yes,high,botany,,,
unit-65-plants-more,vegetation,noun,magaroo,barbadoo,/ˈmɐɡɐróː/,no,high,vegetation,,,
unit-65-plants-more,ebony,noun,harsammeesa,,/ˈhɐrsɐmːeːsɐ/,no,high,ebony,,,
unit-65-plants-more,cane,noun,agadaa,hagadaa | qawwisa | abraasaa | alaanfatoo,/ɐɡɐdɑ́ː/,yes,high,cane,,,
unit-65-plants-more,resin,noun,haancaa,,/ˈhɑːnt͡ʃʼɑ́ː/,no,high,"gum, resin (of sycamore)",,,
unit-66-farm-crops,plow,noun,maarashaa,hagaayuu | bu'ii | qotaa,,no,medium,plow,,,
unit-66-farm-crops,teff,noun,xaafii,algaasee | daabii | durbucoo | dummunyii,/ˈtʼɑːfíː/,no,high,"teff, Ethiopian staple food (also in Oromia)",,,
unit-66-farm-crops,sugarcane,noun,meejoo,,,no,high,sugarcane,,,
unit-66-farm-crops,fertilizer,noun,xaa'oo,dikee | dikee ammyyaa | gaayii,,no,medium,fertilizer,,,
unit-66-farm-crops,dung,noun,faandoo,caancoo | kaboota | koboota | qurba,/ˈfɑːndóː/,yes,high,"excrement (of mule, horse..), dung",,,
unit-66-farm-crops,plantation,noun,danfisuu,jalasoqa,/ˈdɐnfɪsúː/,yes,high,plantation,,,
unit-66-farm-crops,farmland,noun,ooyru,,/oːjrʊ/,no,high,"farm, farmland",,,
unit-66-farm-crops,granary,noun,gingoo,riiqa | gombisaa | dagoogoo | darabaa,/ˈɡɪnɡóː/,no,medium,granary,,,
unit-66-farm-crops,agriculture,noun,qonnaa,qonna | qochisiisaa | makiinaa qonnaa | meeshaa qonnaa,,no,medium,agriculture,,,
unit-66-farm-crops,fertility,noun,qaljummaa,cabaloo | Ateetee | gawwaa'uu,/ˈkʼɐld͡ʒʊmːɑ́ː/,no,high,fertility,,,
unit-66-farm-crops,deforestation,noun,cirgeeda,,/ˈt͡ʃʼɪrɡeːdɐ/,yes,high,deforestation,,,
unit-66-farm-crops,milking,noun,elemaa,dhaltii | dhaltoolee | eleffannaa | elmannaa,/ɛlɛmɑ́ː/,yes,high,milking,,,
unit-66-farm-crops,grazing,noun,qoqoruu,darabaa | hiddookaluu | qorqaa | yuusaa,/ˈkʼɔkʼɔrúː/,no,medium,"pick a bone, grazing",,,
unit-66-farm-crops,rations,noun,cafaqoo,galaa,/ˈt͡ʃʼɐfɐkʼóː/,yes,medium,rations/ food that one carries along on journey.,,,
unit-66-farm-crops,sickle,noun,haamtuu,hamtuufi burrisa,,no,high,sickle,,,
unit-66-farm-crops,hectare,noun,hektaara,,/ˈhɛktɑːrɐ/,no,high,hectare,,,
unit-66-farm-crops,harness,noun,mi'a fardaa,luugamuu | garjalee | qomoo,/ˈmɪʔɐ fɐrdɑ́ː/,no,medium,harness,,,
unit-67-wild-more,tiger,noun,qeerransa,qeerramsa | deeroo | ilmoo qeerransaa,/ˈkʼeːrːɐnsɐ/,no,medium,tiger,,,
unit-67-wild-more,ape,noun,hilluu,qamalee | buuqqajee,/ˈhɪlːúː/,no,medium,"clever, cunning: a nick name for ape",,,
unit-67-wild-more,badger,noun,hamaagota,hamaar,/ˈhɐmɑːɡɔtɐ/,no,high,"badger, genet",,,
unit-67-wild-more,cub,noun,kulbee,saafela | ilmoo sardiida,/ˈkʊlbéː/,no,medium,"young of a lion, cub",,,
unit-67-wild-more,predator,noun,adamsooyyee,,/ɐdɐmsoːjːéː/,yes,high,predator,,,
unit-67-wild-more,beast,noun,hillisa,furroo | firixa | baataa | qeerranqaraar,/ˈhɪlːɪsɐ/,no,high,beast,,,
unit-67-wild-more,carcass,noun,raqa,goflola,/ˈrɐkʼɐ/,no,high,"carcass, rotten",,,
unit-67-wild-more,jaguar,noun,jaafoo,,/ˈd͡ʒɑːfóː/,no,high,jaguar,,,
unit-67-wild-more,panda,noun,paandaa,,/ˈpɑːndɑ́ː/,yes,high,panda,,,
unit-67-wild-more,colt,noun,darmee,nyaangoo | ilmoo fardaa,/ˈdɐrméː/,yes,medium,colt,,,
unit-67-wild-more,cubs,noun,ilmoo leencaa,,/ɪlmoː leːnt͡ʃʼɑ́ː/,no,high,cubs,,,
unit-67-wild-more,kitten,noun,ilmoo adurree,,/ɪlmoː ɐdʊrːéː/,no,high,kitten/offspring of a cat,,,
unit-67-wild-more,puppy,noun,cuquu,xuuxillaa | buchillaa,/ˈt͡ʃʼʊkʼúː/,yes,medium,puppy,,,
unit-67-wild-more,pony,noun,gufaayyii,,/ˈɡʊfɑːjːíː/,no,high,pony,,,
unit-67-wild-more,mules,noun,gaangee,,,no,high,mules,,,
unit-67-wild-more,weasel,noun,tuqaa,,/ˈtʊkʼɑ́ː/,no,high,"weasel, a kind of rat",,,
unit-67-wild-more,scavenger,noun,funaantuu,,/ˈfʊnɑːntúː/,yes,high,scavenger,,,
unit-67-wild-more,venom,noun,hancufa jawwee,,/ˈhɐnt͡ʃʼʊfɐ d͡ʒɐwːéː/,no,high,venom,,,
unit-67-wild-more,burrow,noun,qiliilee,imamii,/ˈkʼɪliːléː/,no,high,"abyss, burrow/hole",,,
unit-67-wild-more,habitat,noun,bidoollee,,/ˈbɪdoːlːéː/,yes,high,habitat,,,
unit-67-wild-more,mammals,noun,hootiyyee,,/ˈhoːtɪjːéː/,no,high,mammals,,,
unit-67-wild-more,creature,noun,huumamaa,looyaa | roobaan jireetti,/ˈhuːmɐmɑ́ː/,no,high,creature,,,
unit-68-birds-fish,raven,noun,arraagessa,harraageessa,/ɐrːɑːɡɛsːɐ/,yes,medium,"crow, raven",,,
unit-68-birds-fish,peacock,noun,jorraa,,/ˈd͡ʒɔrːɑ́ː/,no,high,peacock,,,
unit-68-birds-fish,partridge,noun,gogorrii,sooritee | shaara,/ˈɡɔɡɔrːíː/,no,medium,partridge,,,
unit-68-birds-fish,gill,noun,asaassii,giilii,/ɐsɑːsːíː/,yes,high,gill,,,
unit-68-birds-fish,whale,noun,qurxubajaa,,/ˈkʼʊrtʼʊbɐd͡ʒɑ́ː/,no,high,whale,,,
unit-68-birds-fish,turtle,noun,qocaa,hamaraa,,no,high,turtle,,,
unit-68-birds-fish,pelican,noun,aallaattii,handoolessa | haadha waaqoo,/ɑːlːɑːtːíː/,yes,high,pelican,,,
unit-68-birds-fish,quail,noun,aburdaallaa,dimbiriqqee | kiirolee | kiilolee,/ɐbʊrdɑːlːɑ́ː/,yes,medium,quail,,,
unit-68-birds-fish,roost,noun,qooxii,gebexii,/ˈkʼoːtʼíː/,no,high,"plat form, roost",,,
unit-68-birds-fish,wings,noun,qochoo,baabur baallee,/ˈkʼɔt͡ʃóː/,no,high,a potato- like edible root plant,,,
unit-68-birds-fish,yolk,noun,boorkillee,miciraa,/ˈboːrkɪlːéː/,yes,medium,yolk,,,
unit-68-birds-fish,shell,noun,qashii,elellaan | ilillaana | qalahaa | giixoo,/ˈkʼɐʃíː/,no,medium,to shell,,,
unit-68-birds-fish,snare,noun,qamaaxirii,kiyyeessuu | shaara | xiixaa,/ˈkʼɐmɑːtʼɪríː/,no,high,"snare, trap",,,
unit-69-insects-reptiles,cockroach,noun,balballaa,bararii,/ˈbɐlbɐlːɑ́ː/,yes,medium,cockroach,,,
unit-69-insects-reptiles,lice,noun,injiraan,nyaattuu | beeccoo | injiraa'uu | injireessuu,/ɪnd͡ʒɪrɑːn/,yes,high,lice,,,
unit-69-insects-reptiles,cobra,noun,xaraa,oo'aa | mar'ataa | mardhataa,/ˈtʼɐrɑ́ː/,no,medium,cobra,,,
unit-69-insects-reptiles,python,noun,jawwee,,/ˈd͡ʒɐwːéː/,no,high,"python, dragon",,,
unit-69-insects-reptiles,chameleon,noun,gaararraa,,/ˈɡɑːrɐrːɑ́ː/,no,high,chameleon,,,
unit-69-insects-reptiles,dragonfly,noun,awwaatiisa,sonsa bishaanii,/ɐwːɑːtiːsɐ/,yes,high,dragonfly,,,
unit-69-insects-reptiles,reptile,noun,kalafarra lootu,,/ˈkɐlɐfɐrːɐ loːtʊ/,no,high,reptile,,,
unit-69-insects-reptiles,mite,noun,sasa'oo,,/ˈsɐsɐʔóː/,no,high,louse/nit of chickens/mite,,,
unit-69-insects-reptiles,nit,noun,hinjojjii,injijjii | cinaa'uu | sasa'oo,/ˈhɪnd͡ʒɔd͡ʒːíː/,no,medium,"nit, louse eggs",,,
unit-69-insects-reptiles,leech,noun,dhulaandhula,ulaandhula,/ˈᶑʊlɑːnᶑʊlɐ/,yes,medium,leech,,,
unit-69-insects-reptiles,parasite,noun,akankarreettii,weennoo | dhortuu | digaloo | eertoo,/ɐkɐnkɐrːeːtːíː/,yes,high,parasite,,,
unit-69-insects-reptiles,pests,noun,nyaataa,,/ˈɲɑːtɑ́ː/,no,high,"verin, pests",,,
unit-69-insects-reptiles,swarm,noun,cibraa,,/ˈt͡ʃʼɪbrɑ́ː/,yes,high,"regiment, swarm",,,
unit-70-rocks-metals,gravel,noun,cirracha,korata,/ˈt͡ʃʼɪrːɐt͡ʃɐ/,yes,medium,sand,,,
unit-70-rocks-metals,copper,noun,girjaa,beesaa | kallachoo,/ˈɡɪrd͡ʒɑ́ː/,no,high,copper,,,
unit-70-rocks-metals,brass,noun,habbisa,,/ˈhɐbːɪsɐ/,no,high,brass,,,
unit-70-rocks-metals,tin,noun,qorqorroo,qorqoorroo,,no,medium,tin,,,
unit-70-rocks-metals,lead,noun,dilaalii,hogganuu | geggeessuu | masakuu | qabee,/ˈdɪlɑːlíː/,yes,high,lead,,,
unit-70-rocks-metals,charcoal,noun,dhamala,cilee | kasala | cileeffachuu | cilaa'uu,/ˈᶑɐmɐlɐ/,yes,medium,charcoal,,,
unit-70-rocks-metals,coal,noun,dhagaa cilee,arroojjii | cilaalluu | cilgaasii,/ˈᶑɐɡɑː t͡ʃʼɪléː/,yes,high,coal,,,
unit-70-rocks-metals,petroleum,noun,peetirooliyeemii,,/ˈpeːtɪroːlɪjeːmíː/,yes,high,petroleum,,,
unit-70-rocks-metals,diamond,noun,digaa,durrii | moogaa,/ˈdɪɡɑ́ː/,yes,medium,diamond,,,
unit-70-rocks-metals,crystal,noun,booralloo,boorawuu | baalcii,/ˈboːrɐlːóː/,yes,high,crystal,,,
unit-70-rocks-metals,marble,noun,waashee,,/ˈwɑːʃéː/,no,high,marble,,,
unit-70-rocks-metals,cement,noun,mansaa,,/ˈmɐnsɑ́ː/,no,high,sand,,,
unit-70-rocks-metals,brick,noun,xuubii,daankaya,,no,medium,brick,,,
unit-70-rocks-metals,rubber,noun,barabaasoo,laastikii,/ˈbɐrɐbɑːsóː/,yes,high,rubber (usually of sandals),,,
unit-70-rocks-metals,wire,noun,habbee,shiboo | xaaxaatee | xaaxeffachuu,/ˈhɐbːéː/,no,medium,wire,,,
unit-70-rocks-metals,emerald,noun,hahaabaa magariisaa,,/ˈhɐhɑːbɑː mɐɡɐriːsɑ́ː/,no,high,emerald,,,
unit-70-rocks-metals,ruby,noun,baalcii,,/ˈbɑːlt͡ʃʼíː/,yes,high,flint obsidian crystal,,,
unit-70-rocks-metals,ore,noun,gordana,wayyuu,/ˈɡɔrdɐnɐ/,no,high,ore,,,
unit-70-rocks-metals,shale,noun,hambaa qaamaa,,/ˈhɐmbɑː kʼɑːmɑ́ː/,no,high,shale,,,
unit-70-rocks-metals,magma,noun,kaalloo,,/ˈkɑːlːóː/,no,high,magma,,,
unit-70-rocks-metals,pigment,noun,bilfee,,/ˈbɪlféː/,yes,high,pigment,,,
unit-70-rocks-metals,varnish,noun,vaarnishii,,/ˈvɑːrnɪʃíː/,yes,high,varnish,,,
unit-70-rocks-metals,chlorine,noun,kiloorinii,,/ˈkɪloːrɪníː/,no,high,chlorine,,,
unit-70-rocks-metals,nitrate,noun,dikaa,,/ˈdɪkɑ́ː/,yes,high,beating/striking,,,
unit-70-rocks-metals,mineral,noun,albuuda,finfinnee | kuusa albuudaa | soogidda albuudaa,/ɐlbuːdɐ/,yes,high,mineral,,,
unit-71-town-places,hamlet,noun,golobee,,/ˈɡɔlɔbéː/,no,high,"hamlet, locality",,,
unit-71-town-places,suburb,noun,magalimoggoo,,/ˈmɐɡɐlɪmɔɡːóː/,no,high,suburb,,,
unit-71-town-places,park,noun,paarkii,caayaa,/ˈpɑːrkíː/,yes,high,park,,,
unit-71-town-places,restaurant,noun,mansoora,mana nyaataa,/ˈmɐnsoːrɐ/,no,high,restaurant,,,
unit-71-town-places,hostel,noun,hosteela,,/ˈhɔsteːlɐ/,no,high,hostel,,,
unit-71-town-places,temple,noun,daasoo,dasoo | mana amantii,/ˈdɑːsóː/,yes,medium,temple,,,
unit-71-town-places,museum,noun,godambaa,,/ˈɡɔdɐmbɑ́ː/,no,high,museum,,,
unit-71-town-places,castle,noun,masar durii,,/ˈmɐsɐr dʊríː/,no,high,castle,,,
unit-71-town-places,cemetery,noun,hujubaa,dallaa awwaalaa,/ˈhʊd͡ʒʊbɑ́ː/,no,high,cemetery,,,
unit-71-town-places,shrine,noun,eddoo amantii,qoolloo,/ɛdːoː ɐmɐntíː/,yes,medium,shrine,,,
unit-71-town-places,stadium,noun,dirree kubbaa,,/ˈdɪrːeː kʊbːɑ́ː/,yes,high,stadium,,,
unit-71-town-places,arena,noun,aggaadoo,,/ɐɡːɑːdóː/,yes,high,arena,,,
unit-71-town-places,booth,noun,daasa,mana bilbiloo,/ˈdɑːsɐ/,yes,high,"tent, hut, booth",,,
unit-71-town-places,salon,noun,hagicha,ilfinyi | gorduuba | mana dabbasaa | mana cibiraa,/ˈhɐɡɪt͡ʃɐ/,no,medium,salon,,,
unit-71-town-places,monument,noun,siidaa,kistaana,,no,medium,monument,,,
unit-71-town-places,settlement,noun,qubannoo,qubata | qubsuma | herreega buusuu,/ˈkʼʊbɐnːóː/,no,medium,settlement,,,
unit-71-town-places,colony,noun,dagabaasa,,/ˈdɐɡɐbɑːsɐ/,yes,high,colony,,,
unit-71-town-places,fort,noun,daannoo,daattoo,/ˈdɑːnːóː/,yes,medium,fort,,,
unit-72-shops,merchant,noun,naggaadee,,/ˈnɐɡːɑːdéː/,no,high,merchant,,,
unit-72-shops,client,noun,beedee,,/ˈbeːdéː/,yes,high,"client, customer",,,
unit-72-shops,cashier,noun,maslaqxuu,,/ˈmɐslɐkʼtʼúː/,no,high,cashier,,,
unit-72-shops,butcher,noun,suguyyaa,qaluu,/ˈsʊɡʊjːɑ́ː/,no,high,"butcher, abattoir",,,
unit-72-shops,grocery,noun,girooserii,,/ˈɡɪroːsɛríː/,no,high,grocery,,,
unit-72-shops,discount,noun,hir'isa,,/ˈhɪrʔɪsɐ/,no,high,discount,,,
unit-72-shops,receipt,noun,naga'ee,,,no,high,receipt,,,
unit-72-shops,sale,noun,gurgura,gurgursiisuu,/ˈɡʊrɡʊrɐ/,no,high,sale,,,
unit-72-shops,queue,noun,tarree,,/ˈtɐrːéː/,no,high,"line, row/ queue",,,
unit-72-shops,merchandise,noun,mi'a daldalaa,meeshaa daldalaa,/ˈmɪʔɐ dɐldɐlɑ́ː/,no,medium,merchandise,,,
unit-72-shops,retailer,noun,charcharii,qexxuu | abbaa dhaabaa,/ˈt͡ʃɐrt͡ʃɐríː/,yes,high,retailer,,,
unit-72-shops,supplies,noun,mi'a hojii,,/ˈmɪʔɐ hɔd͡ʒíː/,no,high,supplies,,,
unit-72-shops,auction,noun,araajii,nadiyaa | caalbasii | nadiyyuu,/ɐrɑːd͡ʒíː/,yes,medium,auction,,,
unit-72-shops,bid,noun,caalbasii,koree caal baasii,/ˈt͡ʃʼɑːlbɐsíː/,yes,high,"auction, tender, bid",,,
unit-72-shops,customs,noun,ashuura,muka abbaa,/ɐʃuːrɐ/,yes,high,"tax, customs",,,
unit-72-shops,commodity,noun,shaqaxa,,/ˈʃɐkʼɐtʼɐ/,no,high,commodity,,,
unit-72-shops,stock,noun,sadafii qawwee,dilbii | kaabii | horii coomaa | meeshaa daldalaa,/ˈsɐdɐfiː kʼɐwːéː/,no,high,stock,,,
unit-72-shops,store,noun,mankuusa,suuqii | kaa'uu | coruu | mana kuusaa,/ˈmɐnkuːsɐ/,no,medium,"store, ware house",,,
unit-73-money,cent,noun,farankaa,alaada | beesaa | taamuna,/ˈfɐrɐnkɑ́ː/,yes,high,"coin, cent",,,
unit-73-money,cents,noun,neeraa,niiraa | chinkoo | dumbulloo | meezoo,/ˈneːrɑ́ː/,no,medium,cents,,,
unit-73-money,dollar,noun,doolaarii,doolaara,/ˈdoːlɑːríː/,yes,medium,dollar,,,
unit-73-money,payment,noun,kaffaltii,gargaarii | jargii | qabdii | haftoo horii,/ˈkɐfːɐltíː/,no,high,"pay, payment",,,
unit-73-money,credit,noun,duubee,gulbata,/ˈduːbéː/,yes,medium,credit,,,
unit-73-money,savings,noun,guduunfaa,,/ˈɡʊduːnfɑ́ː/,no,high,a firm knot,,,
unit-73-money,budget,noun,baajata,baajata atoomaa | burqaa bajataa | hirqu baajataa,/ˈbɑːd͡ʒɐtɐ/,yes,high,budget,,,
unit-73-money,rent,noun,kireeffachuu,kireessuu | kiraa,/ˈkɪreːfːɐt͡ʃúː/,no,medium,to rent (for self),,,
unit-73-money,fee,noun,kaffaltii ogummaa,,/ˈkɐfːɐltiː ɔɡʊmːɑ́ː/,no,high,fee,,,
unit-73-money,charity,noun,baalcha,arjooma | raamata,/ˈbɑːlt͡ʃɐ/,yes,medium,gift,,,
unit-73-money,capitalism,noun,dilbeeltuu,,/ˈdɪlbeːltúː/,yes,high,capitalism,,,
unit-73-money,deposit,noun,cimmisa,keeyyata,/ˈt͡ʃʼɪmːɪsɐ/,yes,medium,deposit,,,
unit-73-money,dividend,noun,qoodama,,/ˈkʼoːdɐmɐ/,no,high,"allotment,dividend",,,
unit-73-money,allowance,noun,durgoo,dirgoo,/ˈdʊrɡóː/,yes,medium,allowance,,,
unit-73-money,pension,noun,soorama,mana cisichaa | soorama ba'uu,/ˈsoːrɐmɐ/,no,high,pension,,,
unit-73-money,ransom,noun,wajoo,,/ˈwɐd͡ʒóː/,no,high,ransom,,,
unit-73-money,bribe,noun,gunaa,matta aa,,no,high,bribe,,,
unit-73-money,wager,noun,jirraa,nokkorroo | seetoo,/ˈd͡ʒɪrːɑ́ː/,no,medium,"bet, wager",,,
unit-73-money,lottery,noun,lootarii,,/ˈloːtɐríː/,no,high,lottery,,,
unit-73-money,riches,noun,qabeenya,,/ˈkʼɐbeːɲɐ/,no,high,"wealth ,property, riches",,,
unit-73-money,prosperity,noun,duniyaa,deebana,/ˈdʊnɪjɑ́ː/,yes,high,wealth/prosperity,,,
unit-73-money,expense,noun,baasii,farjii,/ˈbɑːsíː/,yes,high,expense,,,
unit-73-money,fare,noun,kaffaltii geejibaa,gaggeessa,/ˈkɐfːɐltiː ɡeːd͡ʒɪbɑ́ː/,no,high,fare,,,
unit-74-jobs-more,mechanic,noun,makaanikii,,/ˈmɐkɑːnɪkíː/,no,high,mechanic,,,
unit-74-jobs-more,engineer,noun,maandisa,maandisii,,no,high,engineer,,,
unit-74-jobs-more,lawyer,noun,abukaatoo,,/ɐbʊkɑːtóː/,yes,high,"advocate, lawyer",,,
unit-74-jobs-more,policeman,noun,torobbee,,/ˈtɔrɔbːéː/,no,high,policeman/ woman,,,
unit-74-jobs-more,waiter,noun,dhiyeessaa,,/ˈᶑɪjeːsːɑ́ː/,yes,high,"boy, waiter",,,
unit-74-jobs-more,secretary,noun,barreessituu,barreessaa,/ˈbɐrːeːsːɪtúː/,yes,medium,secretary (fem.),,,
unit-74-jobs-more,journalist,noun,galalchaa,,/ˈɡɐlɐlt͡ʃɑ́ː/,no,high,"negotiator, conciliator",,,
unit-74-jobs-more,reporter,noun,agabaasaa,,/ɐɡɐbɑːsɑ́ː/,yes,high,reporter,,,
unit-74-jobs-more,artist,noun,jifaaraa,,/ˈd͡ʒɪfɑːrɑ́ː/,no,high,"one who beautifies, decorator, artist",,,
unit-74-jobs-more,architect,noun,ogeessa ijaarsaa,,/ɔɡeːsːɐ ɪd͡ʒɑːrsɑ́ː/,no,high,architect,,,
unit-74-jobs-more,professor,noun,pirofeesarii,,/ˈpɪrɔfeːsɐríː/,no,high,professor,,,
unit-74-jobs-more,editor,noun,gulaaltuu,,/ˈɡʊlɑːltúː/,no,high,editor,,,
unit-74-jobs-more,publisher,noun,maxxansiisaa,,/ˈmɐtʼːɐnsiːsɑ́ː/,no,high,publisher,,,
unit-74-jobs-more,historian,noun,ogeessa seenaa,,/ɔɡeːsːɐ seːnɑ́ː/,no,high,historian,,,
unit-74-jobs-more,economist,noun,hayyuu dinagdee,,/ˈhɐjːuː dɪnɐɡdéː/,no,high,economist,,,
unit-74-jobs-more,mathematician,noun,hayyuu herreegaa,,/ˈhɐjːuː hɛrːeːɡɑ́ː/,no,high,mathematician,,,
unit-74-jobs-more,naturalist,noun,ka uumama qoratu,,/ˈkɐ uːmɐmɐ kʼɔrɐtʊ/,no,high,naturalist,,,
unit-74-jobs-more,miner,noun,albuuda baaftuu,,/ɐlbuːdɐ bɑːftúː/,yes,high,miner,,,
unit-74-jobs-more,tanner,noun,cawwaa,duugduu | faaqii,/ˈt͡ʃʼɐwːɑ́ː/,yes,medium,tanner,,,
unit-74-jobs-more,janitor,noun,qulqulleessituu,,,no,high,janitor,,,
unit-74-jobs-more,porter,noun,hammaalaa,hammaaluu | hammaalummaa,/ˈhɐmːɑːlɑ́ː/,no,medium,porter,,,
unit-74-jobs-more,admiral,noun,abboga,,/ɐbːɔɡɐ/,yes,high,admiral,,,
unit-74-jobs-more,captain,noun,aankumaala,kappiteenii | nurgaa | kaappiteenii doonii,/ɑːnkʊmɑːlɐ/,yes,medium,captain,,,
unit-74-jobs-more,employee,noun,ojjetaa,obarayyuu,/ɔd͡ʒːɛtɑ́ː/,no,medium,"worker, employee (male)",,,
unit-74-jobs-more,employer,noun,obarayyaa,,/ɔbɐrɐjːɑ́ː/,no,high,employer,,,
unit-75-tools-building,blade,noun,feellaa,milaacii | qarabaa | chiggiree | ceekuu,/ˈfeːlːɑ́ː/,yes,medium,blade,,,
unit-75-tools-building,drill,noun,maaburiqi,marbugqii | maburuqii,/ˈmɑːbʊrɪkʼɪ/,yes,medium,drill,,,
unit-75-tools-building,bolt,noun,aguraa,danqaraa | ugguraa | balaqqeettii | kakawwee,/ɐɡʊrɑ́ː/,yes,medium,appellant,,,
unit-75-tools-building,wrench,noun,kiyyabbee,,/ˈkɪjːɐbːéː/,no,high,wrench,,,
unit-75-tools-building,shovel,noun,akaafaa,hakaafaa | gunjulluu | akaafuu,/ɐkɑːfɑ́ː/,yes,medium,shovel,,,
unit-75-tools-building,rake,noun,haatee,mashaawara,/ˈhɑːtéː/,no,medium,rake,,,
unit-75-tools-building,ladder,noun,kortoo,riqaa | xafxafoo | yaabbannoo,/ˈkɔrtóː/,no,medium,ladder,,,
unit-75-tools-building,chain,noun,foncaa,funcaa | fuuncaa | qoranyaa | walaaddii,/ˈfɔnt͡ʃʼɑ́ː/,yes,medium,chain,,,
unit-75-tools-building,paint,noun,hallaama,halluu | dibuu | halluu dibuu,/ˈhɐlːɑːmɐ/,no,medium,paint,,,
unit-75-tools-building,plank,noun,suuqaa,deresuma,/ˈsuːkʼɑ́ː/,no,high,"rafter, plank",,,
unit-75-tools-building,screwdriver,noun,miccirtuu,,/ˈmɪt͡ʃʼːɪrtúː/,no,high,"Serew, screwdriver",,,
unit-75-tools-building,machete,noun,gajaraa,,,no,high,machete,,,
unit-75-tools-building,clippers,noun,murtuu,,/ˈmʊrtúː/,no,high,"clippers, cutter",,,
unit-75-tools-building,cutter,noun,taloo,murtuu,/ˈtɐlóː/,no,medium,cutter (of hair),,,
unit-75-tools-building,mortar,noun,mooyyee,mansaa | tomaa | tumaa,/ˈmoːjːéː/,no,medium,mortar,,,
unit-75-tools-building,wedge,noun,hushaala,wushaala | hushaalsisuu,/ˈhʊʃɑːlɐ/,no,medium,wedge,,,
unit-75-tools-building,spindle,noun,calii,dirmoo | foohuu,/ˈt͡ʃʼɐlíː/,yes,high,spindle,,,
unit-75-tools-building,anchor,noun,gadiitoo,,/ˈɡɐdiːtóː/,no,high,"anchor, a tool used to moor a vessel to the bottom of a sea or river to resist movement.",,,
unit-75-tools-building,barrel,noun,barmeelii,dogoogoo | naqqii | barmeela sibiilaa | funyaan qawwee,/ˈbɐrmeːlíː/,yes,high,barrel/ a big metal container,,,
unit-75-tools-building,plug,noun,suuqqata,saaguu,/ˈsuːkʼːɐtɐ/,no,high,"plug, selecting of female",,,
unit-75-tools-building,glue,noun,haphee,hapheessuu | itti maxxanuu | dhoqoneessuu,,no,medium,glue,,,
unit-75-tools-building,cork,noun,buushii,cuqqaaluu | cuqqaalsisuu,/ˈbuːʃíː/,yes,high,cork,,,
unit-75-tools-building,mould,noun,bobbocuu,samsiisuu | harrii biddeenaa | samsuu,/ˈbɔbːɔt͡ʃʼúː/,yes,medium,"shape, mould",,,
unit-75-tools-building,apparatus,noun,miqindaa,,/ˈmɪkʼɪndɑ́ː/,no,high,apparatus,,,
unit-76-machines,taxi,noun,taaksii,,,no,high,taxi,,,
unit-76-machines,tractor,noun,tiraaktari,makiinaa qonnaa,/ˈtɪrɑːktɐrɪ/,no,high,tractor,,,
unit-76-machines,airplane,noun,roophilaa,xiyyaara | baabur baallee,/ˈroːpʼɪlɑ́ː/,no,medium,airplane,,,
unit-76-machines,tire,noun,gommaa,dadhabuu | hiffisuu,,no,medium,tire (for a wheel),,,
unit-76-machines,brake,noun,fireenii,,/ˈfɪreːníː/,yes,high,brake,,,
unit-76-machines,battery,noun,tiriikaa,dhagaa baatrii,/ˈtɪriːkɑ́ː/,no,high,battery,,,
unit-76-machines,generator,noun,maddisaa,,,no,high,generator (of electricity),,,
unit-76-machines,machine,noun,maashinii,zanyaa | quncifu | makiinaa hodhaa | meeshaa madaalaa,,no,high,machine,,,
unit-76-machines,fan,noun,afarsaa,hafarsaa | afarsuu | hafarsuu | derguu,/ɐfɐrsɑ́ː/,yes,medium,fan,,,
unit-76-machines,refrigerator,noun,diilallessaa,,/ˈdiːlɐlːɛsːɑ́ː/,yes,high,refrigerator,,,
unit-76-machines,elevator,noun,meggoo,,/ˈmɛɡːóː/,no,high,elevator,,,
unit-76-machines,automobile,noun,motobilii,otomobilii,/ˈmɔtɔbɪlíː/,no,medium,automobile,,,
unit-76-machines,dynamo,noun,dinaamoo,,/ˈdɪnɑːmóː/,yes,high,dynamo,,,
unit-76-machines,propeller,noun,balaambaleettii,,/ˈbɐlɑːmbɐleːtːíː/,yes,high,propeller,,,
unit-76-machines,pedal,noun,hirkoo mallaa,ejjannoo,/ˈhɪrkoː mɐlːɑ́ː/,no,high,pedal,,,
unit-76-machines,cable,noun,fufoo,,/ˈfʊfóː/,yes,high,cable,,,
unit-76-machines,mixer,noun,gaashartuu,,/ˈɡɑːʃɐrtúː/,no,high,mixer,,,
unit-76-machines,heater,noun,o'iftuu,,/ɔʔɪftúː/,no,high,heater,,,
unit-76-machines,telescope,noun,fagiidhoo,teeleskooppii,/ˈfɐɡiːᶑóː/,yes,medium,telescope,,,
unit-76-machines,microphone,noun,noolaa,,,no,high,microphone,,,
unit-76-machines,telegraph,noun,meeshaa telegiraamaa,teelegiraama qilleensaa,/ˈmeːʃɑː tɛlɛɡɪrɑːmɑ́ː/,no,medium,telegraph,,,
unit-76-machines,cassette,noun,hajalaa,,/ˈhɐd͡ʒɐlɑ́ː/,no,high,cassette,,,
unit-76-machines,adapter,noun,amansaa,,/ɐmɐnsɑ́ː/,yes,high,adapter,,,
unit-76-machines,canister,noun,dhebbee,,/ˈᶑɛbːéː/,yes,high,canister,,,
unit-77-travel,tourist,noun,tuuristii,emaltuu | imaltuu,/ˈtuːrɪstíː/,no,medium,tourist,,,
unit-77-travel,visa,noun,habisee,habiisee dabartii | habiisee seensaa,/ˈhɐbɪséː/,no,high,visa,,,
unit-77-travel,suitcase,noun,subbaa,,/ˈsʊbːɑ́ː/,no,high,"suitcase, leather bag",,,
unit-77-travel,guide,noun,qajeelchaa,qajeelchituu | taliigduu | qajeelchuu | ooggansiisuu,/ˈkʼɐd͡ʒeːlt͡ʃɑ́ː/,no,medium,one who corrects (exam papers etc.),,,
unit-77-travel,mile,noun,maayilii,,/ˈmɑːjɪlíː/,no,high,mile,,,
unit-77-travel,transit,noun,dabroo,habiisee dabartii,/ˈdɐbróː/,yes,high,transit,,,
unit-77-travel,wanderer,noun,labduu,xallisiisuu,/ˈlɐbdúː/,no,high,wanderer (fem),,,
unit-77-travel,pilgrimage,noun,muuda,hajii,/ˈmuːdɐ/,no,high,pilgrimage,,,
unit-77-travel,migration,noun,godaansa,,,no,high,migration,,,
unit-77-travel,promenade,noun,daaddisa,,/ˈdɑːdːɪsɐ/,yes,high,promenade,,,
unit-77-travel,escort,noun,dabaaluu,,/ˈdɐbɑːlúː/,yes,high,to escort,,,
unit-77-travel,navigation,noun,milaayyaa,addeela,/ˈmɪlɑːjːɑ́ː/,no,medium,navigation,,,
unit-77-travel,compass,noun,agarsootee,,/ɐɡɐrsoːtéː/,yes,high,compass,,,
unit-77-travel,camping,noun,qubachuu,,/ˈkʼʊbɐt͡ʃúː/,no,high,come down to the ground settle of birds,,,
unit-77-travel,tent,noun,duskaana,waaroo | daasa | dongora,/ˈdʊskɑːnɐ/,yes,medium,tent,,,
unit-77-travel,shortcut,noun,qaxxaamura,karaa kuteessa,/ˈkʼɐtʼːɑːmʊrɐ/,no,high,shortcut,,,
unit-78-directions,tunnel,noun,hulluuqquu,,/ˈhʊlːuːkʼːúː/,no,high,tunnel,,,
unit-78-directions,traffic,noun,tiraafikii,ibsaa tiraafikaa,/ˈtɪrɑːfɪkíː/,no,high,traffic,,,
unit-78-directions,pole,noun,michichila,dongora | helichoo | horduu | utubachuu,/ˈmɪt͡ʃɪt͡ʃɪlɐ/,no,high,pole,,,
unit-78-directions,column,noun,qarxiyyaa,tarjaa,/ˈkʼɐrtʼɪjːɑ́ː/,no,medium,column,,,
unit-78-directions,diagonal,noun,shaffaxa,habalaka,/ˈʃɐfːɐtʼɐ/,no,high,"act of being denying,",,,
unit-78-directions,parallel,noun,cenaayii,,/ˈt͡ʃʼɛnɑːjíː/,yes,high,parallel,,,
unit-78-directions,dimension,noun,akkamii,,/ɐkːɐmíː/,yes,high,dimension,,,
unit-78-directions,threshold,noun,afaala,,/ɐfɑːlɐ/,yes,high,threshold,,,
unit-78-directions,gutter,noun,fincoo,,/ˈfɪnt͡ʃʼóː/,yes,high,"eaves, gutter",,,
unit-78-directions,hinge,noun,hokkolloo,aguura,/ˈhɔkːɔlːóː/,no,medium,hinge,,,
unit-78-directions,opposite,noun,faallaa,habalaa | sanyoo | jecha faallaa,/ˈfɑːlːɑ́ː/,yes,high,opposite,,,
unit-78-directions,underneath,noun,garajalee,garjalee | carabamuu | jalasoquu | jalagadhiisuu,/ˈɡɐrɐd͡ʒɐléː/,no,high,underneath (beneath),,,
unit-78-directions,range,noun,lafa dheedichaa,kaleeffama | morgoga | roggee,/ˈlɐfɐ ᶑeːdɪt͡ʃɑ́ː/,no,high,range,,,
unit-78-directions,zone,noun,zoonii,baddadaroolee | baqqoo | basaqaa | goree,/ˈzoːníː/,yes,high,zone,,,
unit-78-directions,section,noun,daadiyyaa,,/ˈdɑːdɪjːɑ́ː/,yes,high,"department, section",,,
unit-78-directions,placement,noun,ramadama,,/ˈrɐmɐdɐmɐ/,no,high,"placement, allocation",,,
unit-78-directions,site,noun,bakkallaa,eddoola | iddoola | bakka | iddoola saphaphuu,/ˈbɐkːɐlːɑ́ː/,yes,medium,site,,,
unit-79-phone-computer,envelope,noun,poostaa,,,no,high,envelope,,,
unit-79-phone-computer,stamp,noun,teembera,sumuda | sumuduu,/ˈteːmbɛrɐ/,no,medium,stamp,,,
unit-79-phone-computer,parcel,noun,baakkoo,,/ˈbɑːkːóː/,yes,high,"pocket, box, parcel",,,
unit-79-phone-computer,package,noun,awwagii,haqaarrii | haqaara,/ɐwːɐɡíː/,yes,medium,package,,,
unit-79-phone-computer,mail,noun,ergata,sanduqa poostaa,/ɛrɡɐtɐ/,yes,high,message (something to be bought from market),,,
unit-79-phone-computer,telephone,noun,bilbila,teelefoona | bilbiluu | bilbilchiisuu | haadha bilbilaa,/ˈbɪlbɪlɐ/,yes,medium,small bell,,,
unit-79-phone-computer,phone,noun,bilbiluu,baafata bilbilaa | noola,/ˈbɪlbɪlúː/,yes,high,"ring, phone",,,
unit-79-phone-computer,message,noun,ergaa,beenoo | ergata | dhaamsa | dhaammachuu,/ɛrɡɑ́ː/,yes,medium,message,,,
unit-79-phone-computer,radio,noun,raadiyoo,,,no,high,radio,,,
unit-79-phone-computer,television,noun,teelevizyiini,,/ˈteːlɛvɪʒiːnɪ/,no,high,television,,,
unit-79-phone-computer,screen,noun,argii,dayeessoo,/ɐrɡíː/,yes,medium,screen,,,
unit-79-phone-computer,computer,noun,kompuutara,,/ˈkɔmpuːtɐrɐ/,no,high,computer,,,
unit-79-phone-computer,keyboard,noun,gabatee cuqoo,,/ˈɡɐbɐteː t͡ʃʼʊkʼóː/,no,high,keyboard,,,
unit-79-phone-computer,printer,noun,maxxansaa,,/ˈmɐtʼːɐnsɑ́ː/,no,high,printer,,,
unit-79-phone-computer,file,noun,dosee,moroda | morodee | guma'uu | morodachiisuu,/ˈdɔséː/,yes,medium,file/holder/record,,,
unit-79-phone-computer,password,noun,barreertuu,iggitaa,/ˈbɐrːeːrtúː/,yes,medium,password,,,
unit-79-phone-computer,network,noun,cimdaa,cimdaa asoo,/ˈt͡ʃʼɪmdɑ́ː/,yes,high,network,,,
unit-79-phone-computer,database,noun,kuusdeetaa,,/ˈkuːsdeːtɑ́ː/,no,high,database,,,
unit-79-phone-computer,software,noun,mosaji,,/ˈmɔsɐd͡ʒɪ/,no,high,software,,,
unit-79-phone-computer,spreadsheet,noun,wardii,,/ˈwɐrdíː/,no,high,spreadsheet,,,
unit-79-phone-computer,keyword,noun,jefuraa,,/ˈd͡ʒɛfʊrɑ́ː/,no,high,keyword,,,
unit-79-phone-computer,inbox,noun,simergaa,,/ˈsɪmɛrɡɑ́ː/,no,high,inbox,,,
unit-79-phone-computer,mailbox,noun,sanduuqa ergataa,,/ˈsɐnduːkʼɐ ɛrɡɐtɑ́ː/,no,high,mailbox,,,
unit-79-phone-computer,sidebar,noun,kabala moggaa,,/ˈkɐbɐlɐ mɔɡːɑ́ː/,no,high,sidebar,,,
unit-79-phone-computer,snapshot,noun,fanyartu,,/ˈfɐɲɐrtʊ/,yes,high,snapshot,,,
unit-80-sport,sport,noun,ispoortii,fooyituu | korboo | ispoortii aadaa | ispoortii ammayyaa,/ɪspoːrtíː/,no,high,sport,,,
unit-80-sport,ball,noun,kubbaa,kuphaa | callee | buurana | bokkuu,/ˈkʊbːɑ́ː/,no,medium,ball,,,
unit-80-sport,player,noun,taphataa,taphattuu | taphataa | kashakkashtuu,/ˈtɐpʼɐtɑ́ː/,no,medium,player (male),,,
unit-80-sport,match,noun,ichimee,morkii | firoomsuu,/ɪt͡ʃɪméː/,no,medium,match,,,
unit-80-sport,runner,noun,ceetuu,kaattuu | ardaa,/ˈt͡ʃʼeːtúː/,yes,medium,runner( fem.),,,
unit-80-sport,running,noun,fiigicha,kaachoo | dannaba | saardoo | goosuu',/ˈfiːɡɪt͡ʃɐ/,yes,medium,running,,,
unit-80-sport,jumping,noun,utaalchoo,firixa | utaala,/ʊtɑːlt͡ʃóː/,no,high,jumping,,,
unit-80-sport,swimming,noun,daakkaa,gurdummii | haphala | koonnee | haroo daakkii,/ˈdɑːkːɑ́ː/,yes,high,swimming,,,
unit-80-sport,wrestling,noun,casoo,qabsoo | cabsoo | garagalfachuu,/ˈt͡ʃʼɐsóː/,yes,high,wrestling,,,
unit-80-sport,boxing,noun,bunyaa,,/ˈbʊɲɑ́ː/,yes,high,boxing,,,
unit-80-sport,tennis,noun,teenisii,,/ˈteːnɪsíː/,no,high,tennis,,,
unit-80-sport,hockey,noun,qillee,gabbaa | mukoo | qeellee | jirma,/ˈkʼɪlːéː/,no,high,hockey,,,
unit-80-sport,gymnastics,noun,kiriphoo,,/ˈkɪrɪpʼóː/,no,high,gymnastics,,,
unit-80-sport,skating,noun,sigigaachoo,sigigoo,/ˈsɪɡɪɡɑːt͡ʃóː/,no,medium,skating,,,
unit-80-sport,whistle,noun,furiyyoo,fooricuu | siiksuu | siissuu,/ˈfʊrɪjːóː/,yes,high,whistle,,,
unit-80-sport,training,noun,leejjii,leenjii | leenjisa,/ˈleːd͡ʒːíː/,no,medium,training,,,
unit-80-sport,winner,noun,mo'aa,moyaa,/ˈmɔʔɑ́ː/,no,medium,winner,,,
unit-80-sport,prize,noun,badhaasa,badhaasuu | badhaasa noobilii,/ˈbɐᶑɑːsɐ/,yes,high,"award / prize, reward",,,
unit-80-sport,medal,noun,lishaanii,madaaliyaa | madaaliyaa meetii,/ˈlɪʃɑːníː/,no,medium,medal,,,
unit-80-sport,doll,noun,hargoggee,horgoggee,/ˈhɐrɡɔɡːéː/,no,medium,doll,,,
unit-80-sport,puzzle,noun,hiibboo,hiibbakka | gidirsiisuu,/ˈhiːbːóː/,no,high,riddle/puzzle,,,
unit-80-sport,volleyball,noun,kubbaa saaphanaa,,/ˈkʊbːɑː sɑːpʼɐnɑ́ː/,no,high,volleyball,,,
unit-80-sport,basketball,noun,kuphaa kaachoo,,,no,high,basketball,,,
unit-80-sport,marathon,noun,maaraatoona,,/ˈmɑːrɑːtoːnɐ/,no,high,marathon,,,
unit-81-verbs-school,study,verb,qu'achuu,qayyabachuu | qu'ata | qorannaa | qo'annoo,,no,medium,to study,,,
unit-81-verbs-school,spell,verb,qubeessuu,moruu,/ˈkʼʊbeːsːúː/,no,high,"spell, alphabetize",,,
unit-81-verbs-school,explain,verb,addeessuu,gashuu,/ɐdːeːsːúː/,yes,medium,make white,,,
unit-81-verbs-school,repeat,verb,lammeessuu,,/ˈlɐmːeːsːúː/,no,high,"to repeat, to give or take for a second time",,,
unit-81-verbs-school,practice,verb,shaakaluu,itti madaquu | shaakala | beembeetoo | bembeetoo,,no,high,to practice,,,
unit-81-verbs-school,correct,verb,halleellachuu,sirrachuu | soroorsuu | sirreessuu | sirrachiisuu,/ˈhɐlːeːlːɐt͡ʃúː/,no,medium,to correct,,,
unit-81-verbs-school,calculate,verb,shallaguu,herreeguu | herreegachuu | herreegsisuu,/ˈʃɐlːɐɡúː/,no,medium,to calculate,,,
unit-81-verbs-school,solve,verb,furii,,/ˈfʊríː/,yes,high,knot of rope,,,
unit-81-verbs-school,describe,verb,ibsuu,ibsiisuu,,no,high,to describe,,,
unit-81-verbs-school,translate,verb,afnaquu,farajuu | qooqiikuu | hiikuu,/ɐfnɐkʼúː/,yes,medium,translate,,,
unit-81-verbs-school,revise,verb,keessa deebi'uu,irra deeb'uu,/ˈkeːsːɐ deːbɪʔúː/,no,medium,to revise,,,
unit-81-verbs-school,memorize,verb,yaddachuu,,,no,high,to memorize,,,
unit-81-verbs-school,analyse,verb,balballoomsuu,,/ˈbɐlbɐlːoːmsúː/,yes,high,to analyse,,,
unit-81-verbs-school,evaluate,verb,gamaaggamuu,madaalsisuu | qocachuu | gamaaggamsiisuu,/ˈɡɐmɑːɡːɐmúː/,no,medium,evaluate,,,
unit-81-verbs-school,verify,verb,mirkaneessuu,,/ˈmɪrkɐneːsːúː/,no,high,"to verify, confirm, assure",,,
unit-81-verbs-school,summarize,verb,goolabuu,,/ˈɡoːlɐbúː/,no,high,to summarize,,,
unit-81-verbs-school,classify,verb,goseessuu,,/ˈɡɔseːsːúː/,no,high,classify,,,
unit-81-verbs-school,differentiate,verb,adda baasuu,addaan baasuu | addaan fuuchuu,/ɐdːɐ bɑːsúː/,yes,medium,"to put apart, separate, differentiate",,,
unit-81-verbs-school,instruct,verb,eemaruu,ajajuu | himuu,/eːmɐrúː/,yes,medium,to instruct,,,
unit-81-verbs-school,educate,verb,qaroomsuu,,/ˈkʼɐroːmsúː/,no,high,"educate; train, civilize",,,
unit-81-verbs-school,tutor,verb,qayyabachiisuu,,/ˈkʼɐjːɐbɐt͡ʃiːsúː/,no,high,to tutor,,,
unit-81-verbs-school,edit,verb,gulaaluu,,/ˈɡʊlɑːlúː/,no,high,to edit,,,
unit-81-verbs-school,predict,verb,raajuu,,,no,high,to predict,,,
unit-81-verbs-school,prove,verb,gashuu,,/ˈɡɐʃúː/,no,high,"explain, inform, persuade, convince, prove",,,
unit-81-verbs-school,recognize,verb,qayyabachuu,,/ˈkʼɐjːɐbɐt͡ʃúː/,no,high,"to study, recognize",,,
unit-82-verbs-work,create,verb,huumuu,uummachuu | kalaquu | kalquu | uumuu,/ˈhuːmúː/,no,medium,to create,,,
unit-82-verbs-work,construct,verb,dagalchuu,dagalchiisuu | dagaluu | ijaarsisuu | baabbuu,/ˈdɐɡɐlt͡ʃúː/,yes,high,"lay something horizontally, construct",,,
unit-82-verbs-work,repair,verb,suphuu,tolchuu | suphisiisuu | suphachuu,,no,medium,"to repair, fix",,,
unit-82-verbs-work,join,verb,fufuu,qarqabuu | fufsiisuu | itti baafamuu | itti fufuu,/ˈfʊfúː/,yes,high,"continue, extend, join",,,
unit-82-verbs-work,fasten,verb,cinqaarsuu,maagarachuu | maagaramuu | maagarsiisuu | maagaruu,/ˈt͡ʃʼɪnkʼɑːrsúː/,yes,high,to drive on,,,
unit-82-verbs-work,carve,verb,bocuu,soqachuu | bocsisuu | ija facaasuu,/ˈbɔt͡ʃʼúː/,yes,medium,carve,,,
unit-82-verbs-work,sharpen,verb,qaruu,qarsiifachuu | qarsiisuu | waqarachuu | waqarsiifachuu,,no,high,to sharpen,,,
unit-82-verbs-work,lift,verb,kaastoo,kaasuu | hamilee ijaaruu,/ˈkɑːstóː/,no,high,lift,,,
unit-82-verbs-work,load,verb,maammaachuu,fe'achuu | fe'uu | fe'aa | ba'aa,/ˈmɑːmːɑːt͡ʃúː/,no,medium,to load,,,
unit-82-verbs-work,manufacture,verb,oomishuu,,,no,high,"to manufacture, produce",,,
unit-82-verbs-work,assemble,verb,warshaaluu,dacha'uu | warshaalachuu | warshaalsifachuu | warshaalsisuu,/ˈwɐrʃɑːlúː/,no,medium,to assemble,,,
unit-82-verbs-work,braid,verb,dha'achuu,dhayuu | ginna baasuu,/ˈᶑɐʔɐt͡ʃúː/,yes,high,see 'dahachuu',,,
unit-82-verbs-work,forge,verb,tumuu,,,no,high,"to beat, hit, strike",,,
unit-82-verbs-work,install,verb,habaqaalchuu,,/ˈhɐbɐkʼɑːlt͡ʃúː/,no,high,to install,,,
unit-82-verbs-work,operate,verb,badhuu,,/ˈbɐᶑúː/,yes,high,to operate,,,
unit-82-verbs-work,arrange,verb,kurfeessuu,tarreeffachuu | tarreessuu,/ˈkʊrfeːsːúː/,no,high,"arrange, prepare",,,
unit-82-verbs-work,rearrange,verb,qixeessuu,,/ˈkʼɪtʼeːsːúː/,no,high,"to prepare, rearrange",,,
unit-82-verbs-work,stack,verb,guuruu,,/ˈɡuːrúː/,no,high,pile/stack,,,
unit-82-verbs-work,pile,verb,tuuluu,kuusuu | guuruu | tuulama | tuullaa,,no,medium,to pile,,,
unit-82-verbs-work,trim,verb,maaxuu,,/ˈmɑːtʼúː/,no,high,"prune branches, trim",,,
unit-82-verbs-work,tile,verb,moroduu,,/ˈmɔrɔdúː/,no,high,to tile,,,
unit-83-verbs-talking,reply,verb,deebii,,/ˈdeːbíː/,yes,high,a party for newly- wed couple (usually by parents),,,
unit-83-verbs-talking,argue,verb,falmachuu,falmuu | qoccoluu | atakamuu | falmisiisuu,/ˈfɐlmɐt͡ʃúː/,yes,medium,"argue, contest, dispute, or litigate for self",,,
unit-83-verbs-talking,discuss,verb,mari'achuu,dudubbachuu | mari'achiisuu,/ˈmɐrɪʔɐt͡ʃúː/,no,medium,to discuss,,,
unit-83-verbs-talking,agree,verb,walta'uu,sifaa'uu | waligalchiisuu | waltaasisuu | sifaayuu,/ˈwɐltɐʔúː/,no,high,to agree,,,
unit-83-verbs-talking,disagree,verb,coqoluu,waldhabuu | walbaduu | walitti bu'uu | waldidchisiisuu,/ˈt͡ʃʼɔkʼɔlúː/,yes,medium,to disagree,,,
unit-83-verbs-talking,complain,verb,xooxeffachuu,nyaluu | itti himachuu | jimaa'uu,/ˈtʼoːtʼɛfːɐt͡ʃúː/,no,medium,to complain,,,
unit-83-verbs-talking,declare,verb,awaajessuu,labsuu | lahsiisuu | miihibuu,/ɐwɑːd͡ʒɛsːúː/,yes,medium,"proclaim, declare",,,
unit-83-verbs-talking,warn,verb,akkeekkachiisuu,beekkachiisuu | wajuu,/ɐkːeːkːɐt͡ʃiːsúː/,yes,medium,warn,,,
unit-83-verbs-talking,advise,verb,gorsuu,gorsachuu,/ˈɡɔrsúː/,no,high,advise,,,
unit-83-verbs-talking,praise,verb,faarfachuu,jajachuu | galata | faarsuu | leellisuu,/ˈfɑːrfɐt͡ʃúː/,yes,medium,sing praise song,,,
unit-83-verbs-talking,blame,verb,haalachuu,sakabuu | komachuu | itti himachuu | qabsiisuu,/ˈhɑːlɐt͡ʃúː/,no,medium,blame,,,
unit-83-verbs-talking,joke,verb,baccuu,qoosuu | qoosaa | baaccisiisuu,/ˈbɐt͡ʃʼːúː/,yes,medium,"to joke, jest (misspelled baacuu)",,,
unit-83-verbs-talking,pronounce,verb,afaaneffachuu,,/ɐfɑːnɛfːɐt͡ʃúː/,yes,high,"to pronounce, articulate words",,,
unit-83-verbs-talking,converse,verb,dudubbachuu,,/ˈdʊdʊbːɐt͡ʃúː/,yes,high,converse/discuss/talk to each other,,,
unit-83-verbs-talking,chat,verb,haasa'uu,taphachuu | qaaqa | haasofsiisuu | qaamuu,,no,medium,to chat,,,
unit-83-verbs-talking,inform,verb,beeksisuu,gashuu,/ˈbeːksɪsúː/,yes,medium,"inform, make a ware, advertise",,,
unit-83-verbs-talking,testify,verb,ragaa baw uu,,/ˈrɐɡɑː bɐw úː/,no,high,to testify,,,
unit-83-verbs-talking,rebuke,verb,ifachuu,dheekkamuu | ifachiisuu | rifaasisuu | ifaata,/ɪfɐt͡ʃúː/,no,medium,berate,,,
unit-83-verbs-talking,insult,verb,arrabsuu,arrabsoo | ga'isuu | arrabbii | arrabsiisuu,/ɐrːɐbsúː/,yes,high,to insult,,,
unit-83-verbs-talking,boast,verb,fakkaruu,ufjajuu | waaccituu | boonuu | of jajuu,/ˈfɐkːɐrúː/,yes,medium,"to boast, to brag",,,
unit-83-verbs-talking,nag,verb,kiraaruu,nyakkisuu,/ˈkɪrɑːrúː/,no,medium,to nag,,,
unit-83-verbs-talking,tease,verb,murgii,iddisiisuu,/ˈmʊrɡíː/,no,high,tease,,,
unit-83-verbs-talking,summon,verb,billittoo,aabbo | lallabsiisuu | haadha ilmaa,/ˈbɪlːɪtːóː/,yes,high,summon,,,
unit-83-verbs-talking,persuade,verb,gondoluu,amansiisuu | gashuu | gondolchuu,/ˈɡɔndɔlúː/,no,medium,licking the genitals of the calf,,,
unit-83-verbs-talking,convince,verb,amansiisuu,gashuu | amansiifachuu,/ɐmɐnsiːsúː/,yes,medium,"convince, persuade",,,
unit-84-verbs-thinking,doubt,verb,bir'achiisuu,shakkii,/ˈbɪrʔɐt͡ʃiːsúː/,yes,medium,cause to hesitate/ doubt,,,
unit-84-verbs-thinking,wish,verb,dharra'uu,fedhuu | dambooba | abbala | abbaltii,/ˈᶑɐrːɐʔúː/,yes,medium,wish,,,
unit-84-verbs-thinking,plan,verb,karooruu,abbalachuu | abbaluu | malachuu | karoora,/ˈkɐroːrúː/,no,medium,to plan,,,
unit-84-verbs-thinking,guess,verb,heduu,ciicuu | tilmaama | mala dhawa,,no,medium,to guess,,,
unit-84-verbs-thinking,wonder,verb,hajaa'iba,maalala | naadira | ajaa'ibamuu | hajaa'ibsiisuu,/ˈhɐd͡ʒɑːʔɪbɐ/,no,medium,wonder,,,
unit-84-verbs-thinking,admire,verb,dinqisiifachuu,jajuu | maalalfachuu | anyarsiisuu | anyarsuu,/ˈdɪnkʼɪsiːfɐt͡ʃúː/,yes,high,admire,,,
unit-84-verbs-thinking,reckon,verb,herreegsisuu,herreeguu | awwaccuu,/ˈhɛrːeːɡsɪsúː/,no,medium,cause to calculate/ reckon,,,
unit-84-verbs-thinking,presume,verb,seehuu,se'uu | tilmaamuu,/ˈseːhúː/,no,medium,presume,,,
unit-84-verbs-thinking,suspect,verb,shakkuu,ciicuu,,no,medium,to suspect,,,
unit-84-verbs-thinking,intend,verb,abbaluu,abbala,/ɐbːɐlúː/,yes,high,to intend,,,
unit-84-verbs-thinking,resolve,verb,furmaata kennuu,murteeffamuu,/ˈfʊrmɑːtɐ kɛnːúː/,yes,high,resolve,,,
unit-84-verbs-thinking,imply,verb,irreeruu,,/ɪrːeːrúː/,no,high,to imply,,,
unit-84-verbs-thinking,assess,verb,tilmaamuu,,/ˈtɪlmɑːmúː/,no,high,"assess, presume",,,
unit-84-verbs-thinking,focus,verb,xiyyeeffachuu,fardatu | garee xiyyeeffannoo,/ˈtʼɪjːeːfːɐt͡ʃúː/,no,high,"focus, emphasize",,,
unit-84-verbs-thinking,pretend,verb,fakkeessuu,kobobbee | kobobbisuu,/ˈfɐkːeːsːúː/,yes,high,to pretend,,,
unit-84-verbs-thinking,deny,verb,aaluu,didachuu | haaluu | waakkachuu | waakkachiisuu,/ɑːlúː/,yes,medium,deny,,,
unit-84-verbs-thinking,approve,verb,raggaasuu,,/ˈrɐɡːɑːsúː/,no,high,"to approve, confirmation",,,
unit-84-verbs-thinking,oppose,verb,ajiifachuu,morkachuu | morkuu | mommachuu | mormuu,/ɐd͡ʒiːfɐt͡ʃúː/,yes,high,to criticize,,,
unit-84-verbs-thinking,dislike,verb,jibbuu,jibbina,,no,high,to dislike,,,
unit-85-verbs-moving,drive,verb,hoofachuu,konkolaachisuu | oofuu | hoofsisuu | hoofuu,/ˈhoːfɐt͡ʃúː/,no,medium,drive (for one self),,,
unit-85-verbs-moving,depart,verb,addaan baduu,,/ɐdːɑːn bɐdúː/,yes,high,depart,,,
unit-85-verbs-moving,approach,verb,dhihaachuu,,/ˈᶑɪhɑːt͡ʃúː/,yes,high,"approach, come close",,,
unit-85-verbs-moving,chase,verb,ari'uu,ari'achuu | ooffachuu | gugsuu | luullessuu,/ɐrɪʔúː/,yes,medium,chase,,,
unit-85-verbs-moving,escape,verb,miliquu,dheessisuu | miliqsuu | sokkuu | dheeffuu,,no,medium,to escape,,,
unit-85-verbs-moving,roam,verb,jooruu,joorsuu | xallisuu,/ˈd͡ʒoːrúː/,no,high,"wander, exhaustively, roam",,,
unit-85-verbs-moving,wander,verb,fandalaluu,joorsuu | jooruu | xallisuu | xallisa,/ˈfɐndɐlɐlúː/,yes,medium,"to wander, to tramp",,,
unit-85-verbs-moving,creep,verb,loowuu,loosuu | daa' imuu,/ˈloːwúː/,no,high,to crawl/ creep,,,
unit-85-verbs-moving,sneak,verb,qassisuu,luuxuu,/ˈkʼɐsːɪsúː/,no,high,to sneak,,,
unit-85-verbs-moving,leap,verb,olutaaluu,,/ɔlʊtɑːlúː/,no,high,"to jump, leap",,,
unit-85-verbs-moving,sprint,verb,magarsuu,,/ˈmɐɡɐrsúː/,no,high,sprint,,,
unit-85-verbs-moving,march,verb,Bitootessa,hiriiruu | hiriirsuu,/ˈbɪtoːtɛsːɐ/,yes,medium,March,,,
unit-85-verbs-moving,descend,verb,gaddeemuu,irra qubachuu | buufamuu | irraa buusuu,/ˈɡɐdːeːmúː/,no,high,"to shrink down, to descend",,,
unit-85-verbs-moving,rise,verb,ka'uu,ba'a aduu | baha aduu,/ˈkɐ́ʔuː/,no,high,"to get up, rise",,,
unit-85-verbs-moving,drift,verb,haffalaawuu,,/ˈhɐfːɐlɑːwúː/,no,high,drift,,,
unit-85-verbs-moving,float,verb,bololiyuu,,/ˈbɔlɔlɪjúː/,yes,high,float,,,
unit-85-verbs-moving,soar,verb,murxuxaa'uu,,/ˈmʊrtʼʊtʼɑːʔúː/,no,high,to be thrown,,,
unit-85-verbs-moving,hover,verb,golboobuu,arraabkosii,/ˈɡɔlboːbúː/,no,high,"shield, hover",,,
unit-85-verbs-moving,plunge,verb,cuubuu,cuubsisuu,/ˈt͡ʃʼuːbúː/,yes,medium,dip/ sop/ plunge,,,
unit-85-verbs-moving,stumble,verb,heewasuu,gufachuu | gufachisuu,/ˈheːwɐsúː/,no,medium,stumble,,,
unit-85-verbs-moving,slide,verb,foqoquu,sigigaachuu | mucuca | foqoqsiisuu | loosisuu,/ˈfɔkʼɔkʼúː/,yes,medium,"slide, to move from place to place on buttock",,,
unit-85-verbs-moving,slip,verb,salolaasuu,sigiggeessuu | mucucaachuu | salolaachuu | sigigaachuu,/ˈsɐlɔlɑːsúː/,no,medium,slip,,,
unit-86-verbs-giving,receive,verb,qeebaluu,ufittifudhachuu | fudhachuu | haakkamsiisuu | simachuu,/ˈkʼeːbɐlúː/,no,medium,receive,,,
unit-86-verbs-giving,accept,verb,taraduu,fudhachuu,/ˈtɐrɐdúː/,no,high,"accept, be resigned to",,,
unit-86-verbs-giving,refuse,verb,diduu,buquqaa | huuba | gataa | dhoowwachuu,/ˈdɪ́duː/,yes,high,"to decline, refuse",,,
unit-86-verbs-giving,owe,verb,hunjooma,,/ˈhʊnd͡ʒoːmɐ/,no,high,owe,,,
unit-86-verbs-giving,collect,verb,cimmisuu,funaannachuu | sassaabuu | walitti qabuu | asxeessuu,/ˈt͡ʃʼɪmːɪsúː/,yes,medium,accumulate/collect/gather,,,
unit-86-verbs-giving,gather,verb,buyuu,buwuu | cimmisuu | coccoruu | dacha'uu,/ˈbʊjúː/,yes,medium,"pick, pick up, reap",,,
unit-86-verbs-giving,drop,verb,arcaasuu,bubuusuu | cobuu | xufxufa | taaffee,/ɐrt͡ʃʼɑːsúː/,yes,medium,to drop,,,
unit-86-verbs-giving,exchange,verb,geeddaruu,sharafuu | geeddara | geeddarsa | waljijjiirsisuu,,no,medium,to exchange,,,
unit-86-verbs-giving,donate,verb,baalchuu,utubachuu | raamatuu | raamachuu,/ˈbɑːlt͡ʃúː/,yes,high,to donate,,,
unit-86-verbs-giving,deliver,verb,dhaluu,,/ˈᶑɐlúː/,yes,high,"give birth to, deliver",,,
unit-86-verbs-giving,supply,verb,dhidhiyeessuu,dhiheessuu | daara baasuu,/ˈᶑɪᶑɪjeːsːúː/,yes,medium,to supply,,,
unit-86-verbs-giving,provide,verb,dhiheessuu,dhaleessuu | bohaarsuu | kaleessuu | kaajoo baasuu,/ˈᶑɪheːsːúː/,yes,medium,to supply,,,
unit-86-verbs-giving,purchase,verb,bichiisuu,bittaa,/ˈbɪt͡ʃiːsúː/,yes,medium,cause to buy/ purchase,,,
unit-86-verbs-giving,acquire,verb,heluu,horachuu,/ˈhɛlúː/,no,medium,to acquire,,,
unit-86-verbs-giving,inherit,verb,dhaaluu,,/ˈᶑɑːlúː/,yes,high,to inherit,,,
unit-86-verbs-giving,forfeit,verb,sarbamuu,,/ˈsɐrbɐmúː/,no,high,forfeit,,,
unit-86-verbs-giving,surrender,verb,jilbeeffachuu,jilbeenfachisuu,/ˈd͡ʒɪlbeːfːɐt͡ʃúː/,no,high,1 .kneel (down) submit,,,
unit-86-verbs-giving,reserve,verb,of qusachuu,horeessuu | samsuu | ol kaa'uu,/ɔf kʼʊsɐt͡ʃúː/,no,high,reserve,,,
unit-86-verbs-giving,spare,verb,baraaruu,qaamajii | jijjiirraa meeshaa,/ˈbɐrɑːrúː/,yes,high,have mercy up on (by God),,,
unit-86-verbs-giving,fetch,verb,waraabuu,waraabachuu | waraabsisuu | waraabsifachuu,/ˈwɐrɑːbúː/,no,high,"to fetch, to take blood for examination",,,
unit-86-verbs-giving,haul,verb,tohuu,darbuu,/ˈtɔhúː/,no,high,"haul, draw water from river",,,
unit-86-verbs-giving,transfer,verb,dabarsisiisuu,jijjiiramuu | jijjiirraa | garagalchisuu | garagalfachuu,/ˈdɐbɐrsɪsiːsúː/,yes,medium,make cause to pass/transfer,,,
unit-87-verbs-helping,protect,verb,hayaachuu,eeguu | dalasuu | irraa eeguu | egsisuu,/ˈhɐjɑːt͡ʃúː/,no,medium,to protect,,,
unit-87-verbs-helping,defend,verb,qoluu,lolachuu,/ˈkʼɔlúː/,no,high,"defend, hit back the thrown club with one's own club",,,
unit-87-verbs-helping,save,verb,qabachuu,keeyyachuu | hambisuu | qusii | ambifachuu,/ˈkʼɐbɐt͡ʃúː/,no,medium,form or develop,,,
unit-87-verbs-helping,feed,verb,nyaachisuu,soorachuu | dangaloo | waga'uu | bishaan dhuksisuu,/ˈɲɑːt͡ʃɪsúː/,no,high,feed,,,
unit-87-verbs-helping,encourage,verb,onneessuu,onnachiisuu | onnoomsuu | gootomsuu | waljabeessuu,/ɔnːeːsːúː/,no,medium,to encourage,,,
unit-87-verbs-helping,support,verb,deeggeruu,deeggarsa | utubuu | hirkisa | deeggera,/ˈdeːɡːɛrúː/,yes,medium,to help/support,,,
unit-87-verbs-helping,mind,verb,qaroo,seesuu | kutachuu | qalbii,/ˈkʼɐróː/,no,high,one yoke of oxen as a team,,,
unit-87-verbs-helping,accompany,verb,waalessuu,tumsuu | amaamota | hamaamota,/ˈwɑːlɛsːúː/,no,medium,accompany,,,
unit-87-verbs-helping,forgive,verb,atoomuu,haagii baasuu | aagii tufuu,/ɐtoːmúː/,yes,high,"forgive, excuse",,,
unit-87-verbs-helping,assist,verb,gargaarsisuu,tumsuu | gumaawuu | deessisuu,/ˈɡɐrɡɑːrsɪsúː/,no,medium,initiate to help/ assist,,,
unit-87-verbs-helping,aid,verb,hirphuu,nafaquu | gargaaruu | deeggera | hirpha,/ˈhɪrpʼúː/,no,medium,aid/ help/ upport,,,
unit-87-verbs-helping,nurture,verb,dagaagsuu,,/ˈdɐɡɑːɡsúː/,yes,high,"nourish, nurture, make to grow",,,
unit-87-verbs-helping,soothe,verb,abaabbaluu,sossobuu | abaabbala | hurursuu,/ɐbɑːbːɐlúː/,yes,medium,"to soothe, to coax",,,
unit-87-verbs-helping,tend,verb,ittisiisuu,badadachuu | tiksiisuu | hiribbii,/ɪtːɪsiːsúː/,no,high,"cause to make guard, tend",,,
unit-87-verbs-helping,supervise,verb,to'achuu,,/ˈtɔʔɐt͡ʃúː/,no,high,control/supervise/audit,,,
unit-87-verbs-helping,uphold,verb,utubuu,,/ʊtʊbúː/,no,high,"support, uphold, uplift",,,
unit-87-verbs-helping,obey,verb,abboomamuu,sarmuu,/ɐbːoːmɐmúː/,yes,high,to obey,,,
unit-87-verbs-helping,honour,verb,ulfeessuu,,/ʊlfeːsːúː/,no,high,to honour,,,
unit-88-verbs-cooking,roast,verb,agaalabuu,akaawuu | kalaankaluu | waxaluu | kolla'uu,/ɐɡɑːlɐbúː/,yes,medium,to roast,,,
unit-88-verbs-cooking,stir,verb,bulbuluu,chochoosuu | erbuu | irbachuu | irbisiisuu,/ˈbʊlbʊlúː/,yes,medium,make mead by mixing honey with water and other ingredient,,,
unit-88-verbs-cooking,mix,verb,makachuu,arraabsisuu | bulbulachuu | bulbulchiisuu | bulbuluu,/ˈmɐkɐt͡ʃúː/,no,high,to mix,,,
unit-88-verbs-cooking,knead,verb,laaqii,bukeeffachuu,/ˈlɑːkʼíː/,no,high,knead,,,
unit-88-verbs-cooking,serve,verb,tajaajiluu,dhiyeeffachuu | kaaddamuu | keessummeessuu | ari'amuu,,no,medium,to serve,,,
unit-88-verbs-cooking,scrub,verb,shukkuumuu,,/ˈʃʊkːuːmúː/,no,high,"scrub, to rub",,,
unit-88-verbs-cooking,wipe,verb,haxaa'uu,haqsiisuu | mashaquu | haqachuu | haquu,,no,high,"to wipe, rub clean",,,
unit-88-verbs-cooking,rinse,verb,lola'uu,,/ˈlɔlɐʔúː/,no,high,rinse,,,
unit-88-verbs-cooking,dry,verb,qoshoruu,daalachaa'uu | hongessuu | qooruu | gogeessa,/ˈkʼɔʃɔrúː/,no,medium,dry,,,
unit-88-verbs-cooking,brew,verb,naquu,farsoo naquu | unkuramuu | unkursiisuu | ashaaroo,/ˈnɐkʼúː/,no,high,brew,,,
unit-88-verbs-cooking,churn,verb,raafachuu,raasuu | orfoo | cukaasuu | cuqaafachuu,/ˈrɑːfɐt͡ʃúː/,no,medium,churn (for oneself),,,
unit-88-verbs-cooking,mince,verb,kochisuu,,/ˈkɔt͡ʃɪsúː/,no,high,"to mince, chop usually meat",,,
unit-88-verbs-cooking,sift,verb,dhimbiibuu,meemessuu | gingilchuu | soramuu | qulleessuu,/ˈᶑɪmbiːbúː/,yes,medium,"strain, purify, filter",,,
unit-88-verbs-cooking,soak,verb,laaffisuu,dhuubachuu | dhuubamuu | dhuubsisuu,/ˈlɑːfːɪsúː/,no,high,cause to be wet,,,
unit-88-verbs-cooking,sprinkle,verb,tooyuu,firfirsuu,/ˈtoːjúː/,no,high,to sprinkle/ drain away,,,
unit-88-verbs-cooking,squeeze,verb,cimmiiguu,cunfuu | futuruquu | cuunfuu | kokotteessuu,/ˈt͡ʃʼɪmːiːɡúː/,yes,medium,to squeeze,,,
unit-88-verbs-cooking,spill,verb,dhangalaasuu,itti jiksamuu | jiksuu | gadinaqsisuu | jiksiisuu,/ˈᶑɐnɡɐlɑːsúː/,yes,high,"spill (liquid, grain ...)",,,
unit-88-verbs-cooking,melt,verb,baquu,baksuu | babbaquu | baqfachuu | baqsiisuu,/ˈbɐkʼúː/,yes,medium,melt,,,
unit-88-verbs-cooking,freeze,verb,cabbeessuu,,/ˈt͡ʃʼɐbːeːsːúː/,yes,high,"to freeze, to cool",,,
unit-88-verbs-cooking,burn,verb,gubuu,gugguhuu | balalachuu | daara'uu | ciincessuu,/ˈɡʊbúː/,no,medium,burn,,,
unit-88-verbs-cooking,dilute,verb,callaabbessuu,areerrachuu,/ˈt͡ʃʼɐlːɑːbːɛsːúː/,yes,high,to dilute,,,
unit-88-verbs-cooking,munch,verb,qarxamsuu,,/ˈkʼɐrtʼɐmsúː/,no,high,munch,,,
unit-88-verbs-cooking,suck,verb,roocuu,luuguu | bakkisuu | xuuxuu | hootuu,/ˈroːt͡ʃʼúː/,no,medium,suck,,,
unit-88-verbs-cooking,stuff,verb,bujugsuu,bujuu | uggursiisuu,/ˈbʊd͡ʒʊɡsúː/,yes,high,to stuff,,,
unit-89-verbs-growing,thresh,verb,ayiduu,cagadachuu | dhahuu | dhahicha,/ɐjɪdúː/,yes,medium,thresh,,,
unit-89-verbs-growing,winnow,verb,calleessuu,qoorbawuu | soramuu | qulleessuu | calleeffachuu,/ˈt͡ʃʼɐlːeːsːúː/,yes,medium,to winnow,,,
unit-89-verbs-growing,breed,verb,horuu,qomoo | horsisuu | horfuu | hiribbii,/ˈhɔrúː/,no,high,"breed, raise",,,
unit-89-verbs-growing,hatch,verb,yaasuu,ammachiisuu,/ˈjɑːsúː/,no,high,pour out,,,
unit-89-verbs-growing,ripen,verb,gormuu,,/ˈɡɔrmúː/,no,high,to ripen (of grain fruits),,,
unit-89-verbs-growing,blossom,verb,daraaruu,lalisuu | gadhafuu | daraaraa,/ˈdɐrɑːrúː/,yes,medium,"blossom, tassel, or flower",,,
unit-89-verbs-growing,wither,verb,coolaguu,qummisi,/ˈt͡ʃʼoːlɐɡúː/,yes,medium,"droop, wither, or wilt",,,
unit-89-verbs-growing,irrigate,verb,maagadaa obaasuu,,/ˈmɑːɡɐdɑː ɔbɑːsúː/,no,high,irrigate,,,
unit-89-verbs-growing,prune,verb,qeexxa'uu,kumkumuu | maaxuu,/ˈkʼeːtʼːɐʔúː/,no,high,prune,,,
unit-89-verbs-growing,spray,verb,qaanqessuu,biiffachuu | ramsuu,/ˈkʼɑːnkʼɛsːúː/,no,high,"to spray, make to emit sparks",,,
unit-89-verbs-growing,sprout,verb,biqilchiisuu,biqiluu | marguu | quqummaaduu | margisiisuu,/ˈbɪkʼɪlt͡ʃiːsúː/,yes,medium,cause some body to germinate/sprout,,,
unit-89-verbs-growing,fade,verb,haqachuu,ifachuu,/ˈhɐkʼɐt͡ʃúː/,no,high,release the colour it is dyed in/fade,,,
unit-89-verbs-growing,wilt,verb,laabba'uu,lapha'uu | soolloguu | coolaga | laabbeessuu,/ˈlɑːbːɐʔúː/,no,medium,wilt,,,
unit-89-verbs-growing,rot,verb,raamma'uu,tortoruu,,no,medium,"to rot, decay",,,
unit-89-verbs-growing,multiply,verb,baay'isuu,babaay'isuu | baay'ifachuu,/ˈbɑːjʔɪsúː/,yes,medium,to multiply,,,
unit-89-verbs-growing,reproduce,verb,waldhaluu,,/ˈwɐlᶑɐlúː/,no,high,to reproduce,,,
unit-89-verbs-growing,scatter,verb,facaasuu,timsuu | firfirsuu | tamsaasuu | tamsa'uu,/ˈfɐt͡ʃʼɑːsúː/,yes,medium,to sow seeds,,,
unit-90-verbs-playing,relax,verb,bashananuu,bashaaduu | bashannanuu | cillaaffachiisuu,/ˈbɐʃɐnɐnúː/,yes,medium,to relax (misspelled bashannanuu),,,
unit-90-verbs-playing,win,verb,mo'achuu,mohuu | mo'uu | hinjifachuu | irra'aanuu,/ˈmɔʔɐt͡ʃúː/,no,medium,win,,,
unit-90-verbs-playing,compete,verb,dorgomsisuu,morkuu | dorgomuu | walmorkachuu | walmorkisiisuu,/ˈdɔrɡɔmsɪsúː/,yes,high,to compete,,,
unit-90-verbs-playing,celebrate,verb,ayyaaneffachuu,kabajachuu,/ɐjːɑːnɛfːɐt͡ʃúː/,yes,high,"celebrate, celebrate a holiday",,,
unit-90-verbs-playing,clap,verb,harka dhawuu,,/ˈhɐrkɐ ᶑɐwúː/,no,high,clap,,,
unit-90-verbs-playing,enjoy,verb,booharuu,itti gammaduu | bashannanuu,/ˈboːhɐrúː/,yes,medium,"enjoy, satisfy",,,
unit-90-verbs-playing,wink,verb,libsachiisuu,libsachuu | libsuu | liphsuu | ija qishuu,/ˈlɪbsɐt͡ʃiːsúː/,no,medium,"cause to blink, wink",,,
unit-90-verbs-playing,hug,verb,hammachuu,hammachiisuu | ammachuu,,no,medium,to hug,,,
unit-90-verbs-playing,sway,verb,roogqisuu,daaquu | daaqsuu | leephisuu | leephisiisuu,/ˈroːɡkʼɪsúː/,no,medium,to sway,,,
unit-90-verbs-playing,roll,verb,gangalachuu,konkolaachuu | maruu | naannessuu | gangalachiisuu,/ˈɡɐnɡɐlɐt͡ʃúː/,no,medium,"roll, i.e., turn about (donkeys, horses, etc.)",,,
unit-90-verbs-playing,splash,verb,bocorroquu,borcuu,/ˈbɔt͡ʃʼɔrːɔkʼúː/,yes,medium,slop about in puddle or water/ splash,,,
unit-90-verbs-playing,entertain,verb,feca'uu,bohaarsuu | mukuu baasuu | bashannanuu | walkeessummeessuu,/ˈfɛt͡ʃʼɐʔúː/,yes,medium,to entertain,,,
unit-90-verbs-playing,amaze,verb,raajeffachuu,bakaksuu | maalalfachuu,/ˈrɑːd͡ʒɛfːɐt͡ʃúː/,no,medium,to for tell,,,
unit-90-verbs-playing,glow,verb,finiinsuu,ramaca | xiifoo,/ˈfɪniːnsúː/,yes,high,glow,,,
unit-90-verbs-playing,wobble,verb,sochoosuu,,/ˈsɔt͡ʃoːsúː/,no,high,"budge, wobble",,,
unit-90-verbs-playing,dribble,verb,logoguu,gororuu,/ˈlɔɡɔɡúː/,no,high,dribble,,,
unit-91-time-more,moment,noun,mil'ata,seega | mil'achuu,/ˈmɪlʔɐtɐ/,no,high,"aspiit second, moment",,,
unit-91-time-more,century,noun,jaarraa,,,no,high,century,,,
unit-91-time-more,monday,noun,wiixatee,Wiixata,/ˈwiːtʼɐtéː/,no,high,monday (name of market day),,,
unit-91-time-more,tuesday,noun,facaasaa,Kibxata,/ˈfɐt͡ʃʼɑːsɑ́ː/,yes,medium,see 'Kibxata',,,
unit-91-time-more,wednesday,noun,roobii,Roobbii,/ˈroːbíː/,no,medium,Wednesday,,,
unit-91-time-more,friday,noun,arbaa,Jimmata,/ɐrbɑ́ː/,yes,high,Friday,,,
unit-91-time-more,future,noun,durana,waahimaa | bulfachuu | fuulduratti,/ˈdʊrɐnɐ/,yes,high,future,,,
unit-91-time-more,duration,noun,hagamtaa,safii,/ˈhɐɡɐmtɑ́ː/,no,high,duration,,,
unit-91-time-more,period,noun,laguu,mosina | tuqaa | gannoo | majisa,/ˈlɐɡúː/,no,medium,menstruation/period,,,
unit-91-time-more,phase,noun,murneessuu,sadarkaa guddinaa,/ˈmʊrneːsːúː/,no,medium,phase,,,
unit-91-time-more,sequence,noun,tartiibessa,,/ˈtɐrtiːbɛsːɐ/,no,high,sequence,,,
unit-91-time-more,eternity,noun,baraabarummaa,jireenya bara baraa,/ˈbɐrɑːbɐrʊmːɑ́ː/,yes,high,"eternity, perpetuation",,,
unit-91-time-more,eve,noun,jalbultii,hacamooyyaa,/ˈd͡ʒɐlbʊltíː/,no,high,eve,,,
unit-91-time-more,continuation,noun,fufinsa,itti fufiinsa,/ˈfʊfɪnsɐ/,yes,high,"continuous, continuation,",,,
unit-92-music-art,singing,noun,wallee,gamaama,/ˈwɐlːéː/,no,high,"singing, song",,,
unit-92-music-art,dancing,noun,soolana,dhiichisa | jeekkara | ajoo | yeekkaruu,/ˈsoːlɐnɐ/,no,medium,dancing,,,
unit-92-music-art,guitar,noun,gitaara,guungumaa,/ˈɡɪtɑːrɐ/,no,high,guitar,,,
unit-92-music-art,harp,noun,baganaa,,/ˈbɐɡɐnɑ́ː/,yes,high,harp,,,
unit-92-music-art,trumpet,noun,fiingee,tultullaa | xurumbaa | faaggaa,/ˈfiːnɡéː/,yes,medium,trumpet,,,
unit-92-music-art,piano,noun,piyaanoo,,/ˈpɪjɑːnóː/,no,high,piano,,,
unit-92-music-art,rhythm,noun,dhawwisoo,yeedalloo,/ˈᶑɐwːɪsóː/,yes,medium,rhythm,,,
unit-92-music-art,chorus,noun,bustotaa,,/ˈbʊstɔtɑ́ː/,yes,high,chorus,,,
unit-92-music-art,stage,noun,sadarkaa,dabballee | foollee | jambalii | raaba,/ˈsɐdɐrkɑ́ː/,no,high,"stage ,step",,,
unit-92-music-art,theatre,noun,tiyaatira,,/ˈtɪjɑːtɪrɐ/,no,high,theatre/ show,,,
unit-92-music-art,actor,noun,taatoo,tiyaatiraa | tiyaatirtuu,/ˈtɑːtóː/,no,medium,actor,,,
unit-92-music-art,gallery,noun,kuusfaaya,,/ˈkuːsfɑːjɐ/,no,high,gallery,,,
unit-92-music-art,accordion,noun,lommooxoo,,/ˈlɔmːoːtʼóː/,no,high,accordion,,,
unit-92-music-art,carving,noun,soqa,soqaa | gojomii,/ˈsɔkʼɐ/,no,medium,"search, quest, digging, carving",,,
unit-92-music-art,poster,noun,poostarii,,/ˈpoːstɐríː/,no,high,poster,,,
unit-92-music-art,animation,noun,sochii fakkinaa,,/ˈsɔt͡ʃiː fɐkːɪnɑ́ː/,no,high,animation,,,
unit-92-music-art,drama,noun,waacila,,/ˈwɑːt͡ʃʼɪlɐ/,no,high,drama.,,,
unit-92-music-art,spectacle,noun,argalamee,fulaa ijaa,/ɐrɡɐlɐméː/,yes,high,"eyeglass, spectacle",,,
unit-92-music-art,studio,noun,istuudiyoo,,/ɪstuːdɪjóː/,no,high,studio,,,
unit-92-music-art,octave,noun,irsaga,,/ɪrsɐɡɐ/,no,high,octave,,,
unit-93-story-book,tale,noun,oddirii,aabboo guddaa,/ɔdːɪríː/,no,high,tale,,,
unit-93-story-book,tales,noun,durdurii,mammaakamuu,/ˈdʊrdʊríː/,yes,high,"story, tales, fable",,,
unit-93-story-book,folklore,noun,afoola,,/ɐfoːlɐ/,yes,high,folklore,,,
unit-93-story-book,rhyme,noun,meegaraa,,/ˈmeːɡɐrɑ́ː/,no,high,rhyme,,,
unit-93-story-book,newspaper,noun,gaazexaa,magalata,,no,high,newspaper,,,
unit-93-story-book,magazine,noun,barruulee,,/ˈbɐrːuːléː/,yes,high,magazine,,,
unit-93-story-book,report,noun,gabaasa,gabaasuu | gabaasisuu | haftee gabaasaa,/ˈɡɐbɑːsɐ/,no,high,report,,,
unit-93-story-book,bibliography,noun,macaafa wabii,,/ˈmɐt͡ʃʼɑːfɐ wɐbíː/,no,high,bibliography,,,
unit-93-story-book,catalogue,noun,lakkamidaa,,/ˈlɐkːɐmɪdɑ́ː/,no,high,catalogue,,,
unit-93-story-book,pseudonym,noun,maqsobee,,/ˈmɐkʼsɔbéː/,no,high,pseudonym,,,
unit-93-story-book,biography,noun,seenjiree,,/ˈseːnd͡ʒɪréː/,no,high,"biography, memories",,,
unit-93-story-book,nonfiction,noun,alasoosama,,/ɐlɐsoːsɐmɐ/,yes,high,nonfiction,,,
unit-93-story-book,revision,noun,irra deebii,keessa deebii,/ɪrːɐ deːbíː/,no,medium,revision,,,
unit-93-story-book,summary,noun,xumura,goolaba | goolabbii | guduunfaa,,no,medium,summary,,,
unit-93-story-book,preface,noun,ariirrata,,/ɐriːrːɐtɐ/,yes,high,preface,,,
unit-94-country,government,noun,mootummaa,adulaa,,no,high,government,,,
unit-94-country,president,noun,pirezidaantii,,/ˈpɪrɛzɪdɑːntíː/,no,high,president,,,
unit-94-country,parliament,noun,paarlaamaa,parlaamaa | caffee,/ˈpɑːrlɑːmɑ́ː/,yes,medium,parliament,,,
unit-94-country,election,noun,filannoo,,/ˈfɪlɐnːóː/,yes,high,election,,,
unit-94-country,citizenship,noun,lammummaa,,/ˈlɐmːʊmːɑ́ː/,no,high,citizenship,,,
unit-94-country,mayor,noun,kantiibaa,,,no,high,mayor,,,
unit-94-country,governor,noun,bulchaa,,/ˈbʊlt͡ʃɑ́ː/,yes,high,governor,,,
unit-94-country,flag,noun,alaabaa,faaijii,/ɐlɑːbɑ́ː/,yes,medium,"flag, banner",,,
unit-94-country,capital,noun,dilbeeta,dilbii | jijjigaa | quca | qadhaaba,/ˈdɪlbeːtɐ/,yes,medium,capital (accumulated),,,
unit-94-country,region,noun,naannoo,baqqoo | illee | jijjigaa | sadacha,/ˈnɑːnːóː/,no,high,"region ,surroundings,",,,
unit-94-country,province,noun,konyaa,koonyaa | magaalaa konyaa,/ˈkɔɲɑ́ː/,no,medium,province,,,
unit-94-country,territory,noun,dimbara,daarii | lafayyaa,/ˈdɪmbɐrɐ/,yes,medium,"boundary, territory",,,
unit-94-country,monarchy,noun,mootii moototaa,,/ˈmoːtiː moːtɔtɑ́ː/,no,high,monarchy,,,
unit-94-country,empire,noun,isximaara,,/ɪstʼɪmɑːrɐ/,no,high,"empire, a political unit ruled by an emperor or empress.",,,
unit-94-country,kingdom,noun,mootoma,,/ˈmoːtɔmɐ/,no,high,kingdom,,,
unit-94-country,federation,noun,atooma,,/ɐtoːmɐ/,yes,high,appease,,,
unit-94-country,constitution,noun,heera,heera diinaa | heera odaa | sifaayuu,/ˈheːrɐ/,no,high,constitution,,,
unit-94-country,delegation,noun,iddoommii,,/ɪdːoːmːíː/,no,high,delegation,,,
unit-94-country,embargo,noun,aguurtoo,uggurtii | ugguruu,/ɐɡuːrtóː/,yes,medium,embargo,,,
unit-94-country,militia,noun,milishaa,duultuu,/ˈmɪlɪʃɑ́ː/,no,high,militia,,,
unit-94-country,navy,noun,humna galaanaa,,/ˈhʊmnɐ ɡɐlɑːnɑ́ː/,no,high,navy,,,
unit-94-country,army,noun,raayyaa,ijaaba | cibroo | lolchiisaa,,no,medium,army,,,
unit-94-country,sovereignty,noun,olaantoo,,/ɔlɑːntóː/,no,high,sovereignty,,,
unit-95-right-wrong,injustice,noun,xuurii,,/ˈtʼuːríː/,no,high,"unfair, unjust, sin, injustice",,,
unit-95-right-wrong,crime,noun,wanjala,yakka | adamsaa yakkaa | wanjalchiisuu | yakkamuu,/ˈwɐnd͡ʒɐlɐ/,no,medium,crime,,,
unit-95-right-wrong,robber,noun,gaadduu,,/ˈɡɑːdːúː/,no,high,spy,,,
unit-95-right-wrong,trial,noun,yaalii,,/ˈjɑːlíː/,no,high,"trial, attempt",,,
unit-95-right-wrong,witness,noun,himmaanyii,immanyii | abaayii | dhugaa baasuu | ragaa,/ˈhɪmːɑːɲíː/,no,medium,witness,,,
unit-95-right-wrong,evidence,noun,ragaa,ragaa barruu,/ˈrɐɡɑ́ː/,no,high,"evidence, proof witness",,,
unit-95-right-wrong,permission,noun,eeyyama,eeyyamtummaa | hayyama | hayyamsifachuu | hayyamsiisuu,/eːjːɐmɐ/,yes,medium,permission,,,
unit-95-right-wrong,responsibility,noun,ba'aa,ittigaafatamummaa,/ˈbɐʔɑ́ː/,yes,high,load,,,
unit-95-right-wrong,fairness,noun,hoosummaa,sirrummaa,/ˈhoːsʊmːɑ́ː/,no,medium,"meanness, fairness",,,
unit-95-right-wrong,verdict,noun,murtii kennaa,,/ˈmʊrtiː kɛnːɑ́ː/,no,high,last judgment/verdict,,,
unit-95-right-wrong,tribunal,noun,mana murtii,,/ˈmɐnɐ mʊrtíː/,no,high,tribunal,,,
unit-95-right-wrong,custody,noun,mana adabaa,,/ˈmɐnɐ ɐdɐbɑ́ː/,no,high,"jail, custody",,,
unit-95-right-wrong,pardon,noun,onfii,maaruu | tufsiifachuu | dhiisuu,/ɔnfíː/,no,high,"excuse, pardon",,,
unit-95-right-wrong,parole,noun,sharxii,,/ˈʃɐrtʼíː/,no,high,precondition,,,
unit-95-right-wrong,defendant,noun,himatamaa,,/ˈhɪmɐtɐmɑ́ː/,no,high,defendant,,,
unit-95-right-wrong,prosecutor,noun,abbaalangee,,/ɐbːɑːlɐnɡéː/,yes,high,prosecutor,,,
unit-95-right-wrong,jury,noun,salganee,shanacha,,no,medium,jury,,,
unit-95-right-wrong,oath,noun,kakaa,tumata | magantaa | magaanteftachuu | du'i!,/ˈkɐkɑ́ː/,no,medium,oath,,,
unit-95-right-wrong,testimony,noun,dhaga-baatii,,/ˈᶑɐɡɐ-bɑːtíː/,yes,high,testimony,,,
unit-95-right-wrong,robbery,noun,saamicha,,/ˈsɑːmɪt͡ʃɐ/,no,high,robbery,,,
unit-95-right-wrong,slander,noun,arrabbii,hamii | hamachuu,/ɐrːɐbːíː/,yes,medium,"insult, slander",,,
unit-95-right-wrong,conviction,noun,murtii seeraa,,/ˈmʊrtiː seːrɑ́ː/,no,high,"conviction, verdcit",,,
unit-95-right-wrong,imprisonment,noun,hidhaa,,,no,high,imprisonment,,,
unit-96-science,history,noun,maraara,seenaa | seendurii | seenofii | seenessuu,/ˈmɐrɑːrɐ/,no,medium,history,,,
unit-96-science,research,noun,qu'annoo,qormaata | qorannoo | qo'annoo | qorannaa,/ˈkʼʊʔɐnːóː/,no,medium,research,,,
unit-96-science,hypothesis,noun,aadbuura,maldhawinsa | mala dhawuu,/ɑːdbuːrɐ/,yes,medium,hypothesis,,,
unit-96-science,observation,noun,do'acha,hubacha | qalbiifannaa | ilaallachuu | irra deeb'uu,/ˈdɔʔɐt͡ʃɐ/,yes,medium,observation,,,
unit-96-science,discovery,noun,argannoo,,/ɐrɡɐnːóː/,yes,high,"innovation, discovery, finding",,,
unit-96-science,invention,noun,kalaqa,,/ˈkɐlɐkʼɐ/,no,high,invention,,,
unit-96-science,matter,noun,wanta,miciree | millamilcha | nafadii | horooma,/ˈwɐntɐ/,yes,high,"somethin, matter, substance",,,
unit-96-science,gravity,noun,harkisa,,/ˈhɐrkɪsɐ/,no,high,gravity,,,
unit-96-science,magnet,noun,maagneeta,,/ˈmɑːɡneːtɐ/,no,high,magnet,,,
unit-96-science,electricity,noun,korreentii,,/ˈkɔrːeːntíː/,no,high,electricity,,,
unit-96-science,equation,noun,gitoo,,/ˈɡɪtóː/,no,high,equation,,,
unit-96-science,denominator,noun,wajjoo,jalaantoo see,/ˈwɐd͡ʒːóː/,no,high,denominator,,,
unit-96-science,diameter,noun,diyaameetira,,/ˈdɪjɑːmeːtɪrɐ/,yes,high,diameter,,,
unit-96-science,polygon,noun,dallama,rog danee,/ˈdɐlːɐmɐ/,yes,high,polygon,,,
unit-96-science,proton,noun,pirotoonii,,/ˈpɪrɔtoːníː/,no,high,proton,,,
unit-96-science,magnetism,noun,maagneetummaa,,/ˈmɑːɡneːtʊmːɑ́ː/,no,high,magnetism,,,
unit-96-science,friction,noun,rigdoo,ichima buusuu,/ˈrɪɡdóː/,no,high,friction,,,
unit-96-science,equilibrium,noun,gitatoo,,/ˈɡɪtɐtóː/,no,high,equilibrium,,,
unit-96-science,evolution,noun,tirannoo,xiinjecha,/ˈtɪrɐnːóː/,no,high,evolution,,,
unit-96-science,ecosystem,noun,sirnakkoo,,,no,high,ecosystem,,,
unit-96-science,anatomy,noun,dhaaqama,,/ˈᶑɑːkʼɐmɐ/,yes,high,anatomy,,,
unit-96-science,diffusion,noun,tamsa'ii,,/ˈtɐmsɐʔíː/,no,high,diffusion,,,
unit-96-science,compression,noun,summuuga,,/ˈsʊmːuːɡɐ/,no,high,compression,,,
unit-97-measuring,metre,noun,meetirii,,/ˈmeːtɪríː/,no,high,metre,,,
unit-97-measuring,liter,noun,liitiroo,,/ˈliːtɪróː/,no,high,liter,,,
unit-97-measuring,ton,noun,toonii,fotoqsiisuu,/ˈtoːníː/,no,high,ton,,,
unit-97-measuring,inch,noun,inchii,,/ɪnt͡ʃíː/,no,high,inch,,,
unit-97-measuring,pressure,noun,dhiibbaa,dhawwaqsituu | dayya'uu,/ˈᶑiːbːɑ́ː/,yes,high,"pressure, treated pressure",,,
unit-97-measuring,volume,noun,jildii,hammamtaa sagalee | boffee | shaa jechuu,/ˈd͡ʒɪldíː/,no,high,volume (of publication),,,
unit-97-measuring,velocity,noun,ardoo,,/ɐrdóː/,yes,high,velocity,,,
unit-97-measuring,density,noun,rukina,rukkina,/ˈrʊkɪnɐ/,no,medium,density,,,
unit-97-measuring,quality,noun,waandansaa,cibra | saabbaa | immiruu | qarreessuu,,no,medium,quality,,,
unit-97-measuring,average,noun,walakkeessa,,/ˈwɐlɐkːeːsːɐ/,no,high,"average, mean",,,
unit-97-measuring,sample,noun,eddattoo,iddattoo,/ɛdːɐtːóː/,yes,medium,sample,,,
unit-97-measuring,balance,noun,deebisa,orco'ii | madaallii | madaala | madaalachuu,/ˈdeːbɪsɐ/,yes,medium,response/ answer/ replay,,,
unit-97-measuring,kilo,noun,kiiloo,,/ˈkiːlóː/,no,high,kilo,,,
unit-97-measuring,proportion,noun,qixxaantaa,,/ˈkʼɪtʼːɑːntɑ́ː/,no,high,proportion,,,
unit-97-measuring,barometer,noun,madaalqilleensaa,,/ˈmɐdɑːlkʼɪlːeːnsɑ́ː/,no,high,barometer,,,
unit-97-measuring,pendulum,noun,roodita,,/ˈroːdɪtɐ/,no,high,pendulum,,,
unit-97-measuring,calculation,noun,shallaggi,,/ˈʃɐlːɐɡːɪ/,no,high,calculation,,,
unit-97-measuring,accuracy,noun,sirrummaa,,/ˈsɪrːʊmːɑ́ː/,no,high,"accuracy, correctness, fairness",,,
unit-97-measuring,magnitude,noun,hagammee,,/ˈhɐɡɐmːéː/,no,high,magnitude,,,
unit-97-measuring,frequency,noun,deddeebitii,,/ˈdɛdːeːbɪtíː/,yes,high,frequency,,,
unit-97-measuring,voltage,noun,voolteejii,,/ˈvoːlteːd͡ʒíː/,yes,high,voltage,,,
unit-98-tradition,faith,noun,amantee,amantii,/ɐmɐntéː/,yes,medium,"belief, truth, faith",,,
unit-98-tradition,religion,noun,amantii,hiikee | qaalluu | jayii | ammachiifata,/ɐmɐntíː/,yes,high,religion,,,
unit-98-tradition,monk,noun,buukkoo,moloksee,/ˈbuːkːóː/,yes,medium,monk,,,
unit-98-tradition,nun,noun,gaaltama,,/ˈɡɑːltɐmɐ/,no,high,nun,,,
unit-98-tradition,prophet,noun,raajicha,raagaa | moorsisuu,/ˈrɑːd͡ʒɪt͡ʃɐ/,no,medium,prophet,,,
unit-98-tradition,angel,noun,ergamaawaaqaa,,/ɛrɡɐmɑːwɑːkʼɑ́ː/,yes,high,angel,,,
unit-98-tradition,soul,noun,lubbuu,,,no,high,"soul, spirit",,,
unit-98-tradition,heaven,noun,waaqa,,,no,high,god,,,
unit-98-tradition,sin,noun,cubbuu,dilii | xuurii | dalagduu | dalagsisuu,/ˈt͡ʃʼʊbːúː/,yes,medium,sin,,,
unit-98-tradition,sacrifice,noun,aarsaa,aarsuu | qalma | kittimuu | kitimachuu,/ɑːrsɑ́ː/,yes,high,sacrifice,,,
unit-98-tradition,culture,noun,aadaa,ayyaada | duudhaa | facaafachuu | aadaa afkaalaa,/ɑːdɑ́ː/,yes,high,"culture, custom",,,
unit-98-tradition,heritage,noun,dhaala,hambaa,/ˈᶑɑːlɐ/,yes,medium,"inheritance, heritage",,,
unit-98-tradition,taboo,noun,legoo,tooba | laguu | cagginoo | lagachuu,/ˈlɛɡóː/,no,medium,taboo,,,
unit-98-tradition,burial,noun,awwaala,gataa | eddoo awwaalaa | kafanuu | lafa awwaalaa,/ɐwːɑːlɐ/,yes,high,burial,,,
unit-98-tradition,covenant,noun,kakuu,,/ˈkɐkúː/,no,high,covenant,,,
unit-98-tradition,apostle,noun,daraasaa,,/ˈdɐrɑːsɑ́ː/,yes,high,"deacon, apostle",,,
unit-98-tradition,bishop,noun,abuunii,phaaphaasii | mana qaalluu,/ɐbuːníː/,yes,medium,bishop,,,
unit-98-tradition,messiah,noun,furaa,,/ˈfʊrɑ́ː/,yes,high,key,,,
unit-98-tradition,gospel,noun,aaga,Aagoo,/ɑːɡɐ/,yes,medium,mercy,,,
unit-98-tradition,worship,noun,waaqeffannaa,sagadachuu | salaatuu | waaqeffachuu | irreeffacha,/ˈwɑːkʼɛfːɐnːɑ́ː/,no,high,worship,,,
unit-98-tradition,circumcision,noun,dhannaqabaa,absumuu | dhagna qabaa | jaaltuu | mata qabuu,/ˈᶑɐnːɐkʼɐbɑ́ː/,yes,high,circumcision,,,
unit-98-tradition,sorcerer,noun,moraa,falfala | faguu,/ˈmɔrɑ́ː/,no,medium,sorcerer,,,
unit-98-tradition,deity,noun,qaracoo,daddarbaa | hurruubuu | Waaqa,/ˈkʼɐrɐt͡ʃʼóː/,no,high,deity,,,
unit-98-tradition,mourning,noun,boo'a,gufafa | dagamsuu,/ˈboːʔɐ/,yes,medium,weep,,,
unit-99-amounts,piece,noun,aanxaa,callee | baqqana | buurana | citaa,/ɑːntʼɑ́ː/,yes,high,"splinter, piece",,,
unit-99-amounts,handful,noun,aboottee,konyee | hammaarrii | kaballaa | qabalama,/ɐboːtːéː/,yes,medium,fist,,,
unit-99-amounts,heap,noun,gucoo,tuullaa | tuullachuu | tuulsisuu | guucca'uu,/ˈɡʊt͡ʃʼóː/,no,medium,heap,,,
unit-99-amounts,bundle,noun,bishii,hanqaaraa | ruubana | beendoo | haqaara,/ˈbɪʃíː/,yes,medium,bundle,,,
unit-99-amounts,bunch,noun,haqaara,cuqqaallaa | guttiyyee | hammata | hurbuu,/ˈhɐkʼɑːrɐ/,no,high,"package, bunch, bundle",,,
unit-99-amounts,majority,noun,wayyaba,,/ˈwɐjːɐbɐ/,no,high,majority,,,
unit-99-amounts,minority,noun,maandhummaa,maddummaa,/ˈmɑːnᶑʊmːɑ́ː/,no,medium,minority,,,
unit-99-amounts,shortage,noun,dhiba,duubboo | dheebicha | naanniga | anqisiisuu,/ˈᶑɪbɐ/,yes,high,lack,,,
unit-99-amounts,difference,noun,addaddummaa,addummaa | garaagarummaa,/ɐdːɐdːʊmːɑ́ː/,yes,medium,difference,,,
unit-99-amounts,plurality,noun,danumma,,/ˈdɐnʊmːɐ/,yes,high,plurality,,,
unit-99-amounts,remnant,noun,arcaatuu,hambaa | duguugsisuu | duguuguu,/ɐrt͡ʃʼɑːtúː/,yes,high,remnant,,,
unit-99-amounts,leftover,noun,hafaa,hambaa,/ˈhɐfɑ́ː/,no,medium,leftover/absent,,,
unit-99-amounts,cluster,noun,gorboba,tucuu,/ˈɡɔrbɔbɐ/,no,high,cluster,,,
unit-99-amounts,multiple,noun,danee,,/ˈdɐnéː/,yes,high,multiple,,,
unit-100-ideas,idea,noun,yaada,cibra | bulfachuu | handhuura yaadaa,/ˈjɑːdɐ/,no,high,"thought, thinking, idea",,,
unit-100-ideas,reason,noun,qabata,sababuu | sabsbamuu | sababa dhiheessuu,/ˈkʼɐbɐtɐ/,no,high,stick,,,
unit-100-ideas,cause,noun,daafii,qabata | bilcheessisuu | bixxilchiisuu | dagachiisuu,/ˈdɑːfíː/,yes,high,cause,,,
unit-100-ideas,result,noun,maarka,naatigaa | natijaa | aangubaa | diddaa,/ˈmɑːrkɐ/,no,medium,result,,,
unit-100-ideas,solution,noun,furmaata,hiikkaa | hiika | furaa | faloo,/ˈfʊrmɑːtɐ/,yes,medium,solution,,,
unit-100-ideas,choice,noun,fohannaa,,/ˈfɔhɐnːɑ́ː/,yes,high,choice,,,
unit-100-ideas,decision,noun,murtii,muraamurtii | itti cabsa | itti kutuu,,no,high,"decision, judgement",,,
unit-100-ideas,chance,noun,hibaabsa,dunyitii | tafaa'ula | harka bu'uu,/ˈhɪbɑːbsɐ/,no,medium,chance,,,
unit-100-ideas,risk,noun,gaaga'aa,,/ˈɡɑːɡɐʔɑ́ː/,no,high,"risk, venturous",,,
unit-100-ideas,difficulty,noun,qawoo,rakkina | dhibdee | rakkachuu,/ˈkʼɐwóː/,no,medium,difficulty,,,
unit-100-ideas,progress,noun,hiqaa,hiiqa | tarkaanfachiisuu,/ˈhɪkʼɑ́ː/,no,high,"progress, success",,,
unit-100-ideas,development,noun,dagaagina,misooma | cidhaanuu,/ˈdɐɡɑːɡɪnɐ/,yes,medium,development,,,
unit-100-ideas,growth,noun,margaa,guddina | oldheerachuu | condorroo,/ˈmɐrɡɑ́ː/,no,medium,germinate,,,
unit-100-ideas,beginning,noun,calqabbii,jalqabbii | wiixinee | awwala | wixibiroo,/ˈt͡ʃʼɐlkʼɐbːíː/,yes,medium,the beginning,,,
unit-100-ideas,order,noun,ajaja,abboommii | abboomsa | eemara | abboomuu,/ɐd͡ʒɐd͡ʒɐ/,yes,medium,"command, order",,,
unit-100-ideas,phenomenon,noun,argamaata,cibra | tahinsa,/ɐrɡɐmɑːtɐ/,yes,medium,phenomenon,,,
unit-100-ideas,philosophy,noun,raagoo,falaasama,/ˈrɑːɡóː/,no,high,foretell,,,
unit-100-ideas,concept,noun,hiddayaada,yaadrimee,/ˈhɪdːɐjɑːdɐ/,no,medium,concept,,,
unit-100-ideas,criteria,noun,ulaagaa,,/ʊlɑːɡɑ́ː/,no,high,criteria,,,
unit-100-ideas,context,noun,haallee,,/ˈhɑːlːéː/,no,high,context,,,
unit-100-ideas,contradiction,noun,waldhaba,,/ˈwɐlᶑɐbɐ/,no,high,contradiction,,,
unit-100-ideas,distinction,noun,garaagarummaa,,/ˈɡɐrɑːɡɐrʊmːɑ́ː/,no,high,"difference, distinction",,,
unit-100-ideas,priority,noun,duraanaa,dursa,/ˈdʊrɑːnɑ́ː/,yes,medium,priority,,,
unit-100-ideas,objective,noun,kaayyoo,,/ˈkɑːjːóː/,no,high,"aim, objective",,,
unit-100-ideas,obligation,noun,dirqam,dirqii,/ˈdɪrkʼɐm/,yes,medium,obligation,,,
